client id,client type,first name,last name,date of birth,gender,country,region,acquisition purpose,satisfaction score,loan applied,referral channel,age,Cluster
C0001,1,Kareem,Liu,2068-05-11,F,USA,California,0,4,1,Website,-42,3
C0002,1,Trystan,Oconnor,1962-11-26,M,USA,California,0,1,0,Website,64,2
C0003,1,Kale,Gay,2059-04-07,M,USA,California,0,4,1,Agency,-33,3
C0004,1,Russell,Gross,1959-11-25,M,USA,California,0,5,0,Website,67,2
C0005,0,Marleez,Co,1976-02-28,M,USA,California,1,5,0,Website,50,0
C0006,1,Yurem,Wright,2057-03-06,M,USA,California,0,3,1,Website,-31,1
C0007,1,Xavier,Faulkner,1947-05-24,M,Canada,Quebec,1,5,0,Website,79,2
C0008,1,Kayden,Olsen,1969-10-17,F,USA,California,0,5,0,Website,57,2
C0009,1,Joaquin,Mullins,2075-10-05,M,USA,California,1,5,0,Agency,-49,3
C0010,1,Nicolas,Navarro,1966-06-17,M,USA,Oregon,1,3,0,Agency,60,2
C0011,1,Laci,Guerra,1956-06-17,F,USA,California,0,2,1,Website,70,2
C0012,0,Kylax,Co,1975-04-25,M,USA,California,1,5,0,Website,51,0
C0013,1,Harley,Lucero,2062-08-10,M,USA,California,0,1,1,Website,-36,3
C0014,0,Esther,Co,1980-07-10,M,USA,California,0,3,1,Website,46,0
C0015,1,Jaylynn,Hickman,1941-08-19,F,USA,California,0,5,0,Client,85,2
C0016,1,Olivia,Oconnell,2039-09-03,F,USA,California,1,5,0,Website,-13,1
C0017,1,Antonio,Porter,1977-01-08,M,USA,Arizona,0,3,0,Client,49,0
C0018,1,Luke,Lynn,2067-02-07,M,USA,California,0,2,1,Agency,-41,3
C0019,1,Anahi,Curry,2057-09-09,M,USA,California,0,5,1,Client,-31,1
C0020,1,Camille,Sharp,1967-10-17,F,USA,California,0,5,0,Website,59,2
C0021,1,Jesus,Obrien,2038-06-09,M,USA,Oregon,1,3,0,Website,-12,1
C0022,1,Araceli,Nelson,1966-09-14,M,Germany,Berlin,1,5,0,Agency,60,2
C0023,1,Cole,Taylor,2058-12-06,M,USA,California,0,3,1,Website,-32,3
C0024,1,Alonso,Terrell,2063-11-05,M,USA,California,1,4,0,Website,-37,3
C0025,1,Rodolfo,Gibson,1937-01-20,M,USA,Nevada,0,2,1,Website,89,2
C0026,1,Joseph,Reeves,1962-09-23,M,USA,California,1,5,0,Website,64,2
C0027,1,Grant,Weber,2068-09-08,M,USA,California,0,5,1,Website,-42,3
C0028,1,Ava,Phelps,1958-04-15,F,USA,California,0,3,0,Client,68,2
C0029,1,Kyla,Walker,1976-02-26,F,USA,Colorado,0,4,1,Agency,50,0
C0030,1,Alanna,Hess,1952-06-19,F,USA,Nevada,0,3,0,Website,74,2
C0031,1,Skylar,Buchanan,1977-12-25,M,USA,Nevada,0,4,1,Website,49,0
C0032,1,Rodrigo,Robinson,2066-08-11,M,USA,California,0,4,0,Website,-40,3
C0033,1,Lydia,Tate,1968-08-14,F,USA,California,0,3,1,Website,58,2
C0034,1,Lauryn,Patrick,1969-10-30,F,Belgium,Brussels,0,2,0,Agency,57,2
C0035,1,Diego,Mendez,2065-05-12,M,Mexico,Mexico City,0,3,0,Agency,-39,3
C0036,1,Victor,Jensen,2073-09-01,M,USA,California,0,4,0,Website,-47,3
C0037,1,Scarlet,Hendricks,1962-01-20,F,USA,California,0,5,1,Website,64,2
C0038,1,Janelle,Espinoza,1974-12-25,F,USA,California,1,4,0,Client,52,0
C0039,1,Aleksandra,Karenina,1967-06-13,F,Russia,Krasnodar Krai,0,1,0,Agency,59,2
C0040,1,Conner,Huff,1975-03-22,M,USA,Nevada,0,5,0,Website,51,0
C0041,1,Zain,Horne,1967-04-13,M,USA,Arizona,0,1,1,Website,59,2
C0042,1,Maia,Chandler,2075-08-12,F,USA,Utah,0,1,1,Website,-49,3
C0043,1,Jordyn,Park,2065-04-04,M,USA,Nevada,1,3,1,Website,-39,3
C0044,1,Diana,Hunt,1931-02-13,F,USA,Arizona,0,3,0,Website,95,2
C0045,1,Kevin,Mata,2068-10-12,M,USA,Colorado,1,2,0,Agency,-42,3
C0046,1,Brisa,Mckee,1964-09-24,F,USA,California,0,5,0,Client,62,2
C0047,1,Mason,Gilbert,1970-07-31,M,USA,Colorado,0,2,0,Agency,56,2
C0048,1,Derick,Li,1957-03-20,M,USA,California,0,3,1,Agency,69,2
C0049,1,Jace,Riggs,1971-08-20,F,USA,California,0,1,0,Website,55,0
C0050,1,Jair,Johns,2040-03-05,M,USA,California,0,5,0,Website,-14,1
C0051,1,Matilda,Madden,2041-03-03,F,USA,Colorado,0,3,0,Agency,-15,1
C0052,1,Myla,Ewing,2067-02-03,F,USA,Oregon,1,2,0,Client,-41,3
C0053,1,Miguel,Walter,2054-01-07,M,USA,Arizona,0,4,0,Agency,-28,1
C0054,0,Bridger CAL,Co,1967-02-15,M,USA,Nevada,1,5,0,Website,59,2
C0055,1,Mara,Franco,2073-06-07,F,USA,California,0,5,1,Agency,-47,3
C0056,1,Erik,Mora,2064-12-07,M,USA,Oregon,1,5,0,Agency,-38,3
C0057,1,Henry,Kennedy,2033-06-08,M,USA,California,0,4,1,Agency,-7,1
C0058,0,Kenyon,Co,2069-05-03,F,USA,California,1,1,1,Website,-43,3
C0059,1,Oswaldo,Palmer,1960-06-16,M,USA,California,0,2,0,Website,66,2
C0060,1,Kassidy,Vega,2072-05-07,F,USA,California,0,5,0,Website,-46,3
C0061,1,Morgan,Glass,2067-05-12,M,USA,Utah,0,5,0,Agency,-41,3
C0062,1,Tyler,Carr,1974-03-27,M,USA,California,0,5,1,Client,52,0
C0063,1,Yesenia,Marquez,1942-07-23,F,USA,Arizona,0,4,0,Website,84,2
C0064,1,Gordon,Brown,2074-02-10,M,UK,Northern Ireland,1,4,0,Agency,-48,3
C0065,1,Rodrigo,Ramirez,1972-03-26,M,USA,California,0,1,0,Agency,54,0
C0066,1,Melanie,Holland,1974-12-25,F,USA,California,1,3,0,Client,52,0
C0067,1,Enrique,Cardenas,1977-06-10,M,USA,California,0,2,0,Website,49,0
C0068,1,Helen,Williamson,1966-02-26,F,USA,Colorado,0,5,1,Agency,60,2
C0069,1,Isis,Rios,2070-04-01,M,USA,California,1,4,0,Website,-44,3
C0070,1,Kayley,Nielsen,1947-04-27,F,USA,Arizona,0,4,1,Website,79,2
C0071,1,Donavan,Flowers,1985-12-27,M,USA,California,0,1,1,Client,41,0
C0072,1,Augustus,Hinton,2053-02-03,M,USA,Nevada,1,2,0,Website,-27,1
C0073,1,Alejandra,Greer,2065-01-11,F,Denmark,Capital Region,1,1,0,Agency,-39,3
C0074,1,Violet,Nixon,2059-01-01,F,USA,Oregon,1,5,0,Client,-33,3
C0075,1,Jaelyn,Berger,2070-05-05,F,USA,California,0,3,0,Website,-44,3
C0076,1,Tristian,Fuller,1956-03-13,M,USA,California,0,5,0,Agency,70,2
C0077,1,Christian,Costa,1980-09-14,M,USA,California,0,5,0,Website,46,0
C0078,1,Nora,Lynch,1948-04-23,F,USA,California,0,5,0,Website,78,2
C0079,1,Dangelo,Shea,1954-02-27,M,Belgium,Brussels,1,4,0,Website,72,2
C0080,1,Aiyana,Christensen,1949-01-16,F,USA,California,1,3,0,Website,77,2
C0081,1,Sidney,Cline,1943-07-24,F,USA,California,0,4,1,Website,83,2
C0082,1,Kaitlin,Owen,1981-12-26,F,USA,Virginia,1,5,0,Client,45,0
C0083,1,Issac,Edwards,1938-10-29,M,USA,California,0,5,0,Website,88,2
C0084,1,Zaiden,Merritt,1948-02-23,M,USA,Wyoming,0,3,0,Agency,78,2
C0085,1,Iris,Larsen,1966-09-14,M,USA,California,0,4,1,Agency,60,2
C0086,1,Grace,Stein,1968-12-20,F,USA,California,0,3,1,Website,58,2
C0087,1,Alessandra,Perry,1979-05-15,F,USA,California,0,4,0,Agency,47,0
C0088,1,Jamal,Mueller,1936-08-13,M,USA,Oregon,1,2,0,Website,90,2
C0089,1,Irvin,Ellis,1949-11-14,M,USA,California,0,3,0,Agency,77,2
C0090,1,Terry,Forbes,1982-05-27,M,USA,California,0,5,0,Client,44,0
C0091,1,Jacqueline,Grant,1959-11-13,F,USA,California,0,4,0,Website,67,2
C0092,1,Brock,Fischer,1971-05-29,M,USA,Kansas,0,3,0,Website,55,0
C0093,1,Curtis,Howard,2062-09-11,M,USA,California,0,2,0,Agency,-36,3
C0094,1,Avah,Huang,1948-04-23,F,USA,California,0,5,0,Website,78,2
C0095,1,Frank,Meyer,1964-03-16,M,USA,California,0,3,1,Agency,62,2
C0096,1,Darien,Dorsey,1985-12-27,M,USA,California,1,3,1,Website,41,0
C0097,1,Franklin,Mack,1943-06-18,M,USA,Virginia,0,5,1,Website,83,2
C0098,1,Elena,Petrova,1949-06-22,F,Russia,Saint Petersburg,0,3,1,Agency,77,2
C0099,1,Jack,Hanson,2041-12-01,M,USA,California,1,4,0,Website,-15,1
C0100,1,Emmett,Estes,2069-06-05,M,USA,California,0,3,0,Website,-43,3
C0101,1,Aniya,Miller,2051-03-02,F,USA,Nevada,0,3,0,Website,-25,1
C0102,1,Jack,Anderson,1947-02-13,M,USA,California,1,5,1,Website,79,2
C0103,1,Kael,Hurley,1973-12-15,M,USA,Colorado,0,3,0,Website,53,0
C0104,1,Kamden,Stewart,1978-09-14,M,USA,California,0,5,0,Website,48,0
C0105,1,Aniyah,Ali,2059-11-03,F,USA,California,1,2,1,Website,-33,3
C0106,1,Simon,Bennett,2053-06-09,M,USA,Colorado,0,4,0,Website,-27,1
C0107,1,Laurel,Benitez,2059-08-06,M,USA,California,0,4,1,Agency,-33,3
C0108,1,Trey,Strong,1958-12-20,M,USA,California,0,4,0,Agency,68,2
C0109,1,Myah,Roman,2033-05-05,F,USA,California,1,5,1,Agency,-7,1
C0110,1,Nyla,Blake,2059-06-05,F,USA,California,1,5,1,Agency,-33,3
C0111,1,Kole,Shannon,1979-06-27,M,USA,Arizona,0,2,1,Website,47,0
C0112,1,Melany,Glover,2060-10-01,F,USA,California,1,1,1,Agency,-34,3
C0113,1,Arthur,Bray,1949-07-14,M,USA,Utah,1,4,0,Agency,77,2
C0114,1,Kamila,Collier,1962-01-21,F,USA,California,0,1,1,Website,64,2
C0115,1,Amanda,Simon,1978-12-03,F,USA,California,0,5,0,Agency,48,0
C0116,1,Erika,Steward,2055-08-07,F,USA,California,1,4,0,Website,-29,1
C0117,1,Jakobe,Bailey,2064-10-06,M,UK,Scotland,1,4,0,Agency,-38,3
C0118,1,Sonia,Choi,2048-11-09,F,USA,Oregon,1,5,0,Agency,-22,1
C0119,1,Erika,Gallagher,1942-07-19,F,USA,California,0,1,1,Website,84,2
C0120,1,Madeline,Michael,1953-07-30,F,USA,California,0,4,1,Website,73,2
C0121,1,Bennett,Chen,1950-07-18,M,USA,Nevada,0,2,0,Website,76,2
C0122,1,Belinda,Hogan,1973-08-18,F,USA,California,0,1,1,Agency,53,0
C0123,1,Johanna,Fisher,1962-08-25,F,USA,California,0,4,1,Website,64,2
C0124,1,Jaylen,Turner,1963-07-15,F,USA,California,0,4,0,Agency,63,2
C0125,1,Michael,Juarez,1976-12-25,M,USA,Colorado,0,4,1,Agency,50,0
C0126,1,Adriana,Shaffer,2072-07-11,F,USA,California,1,2,0,Agency,-46,3
C0127,1,Julio,Leonard,1974-07-18,M,USA,Nevada,0,2,1,Website,52,0
C0128,0,Abdiel,Co,1963-05-22,M,USA,Nevada,1,5,1,Website,63,2
C0129,1,Warren,Pugh,1973-07-17,M,USA,Arizona,1,5,0,Website,53,0
C0130,1,Luis,Crane,1959-04-20,M,USA,Nevada,0,3,1,Website,67,2
C0131,1,Mohammad,Irwin,2071-12-02,M,USA,California,0,1,0,Website,-45,3
C0132,1,Davion,Stout,1965-07-20,M,USA,Nevada,0,1,1,Agency,61,2
C0133,1,Logan,Simmons,1946-09-14,M,USA,California,1,4,0,Agency,80,2
C0134,1,Kaylin,Villarreal,1932-06-13,F,Russia,Novosibirsk,1,3,0,Website,94,2
C0135,1,Ruben,Melton,2039-03-05,M,USA,Utah,1,2,0,Agency,-13,1
C0136,1,Gianni,Fritz,1973-09-15,M,USA,California,0,3,0,Website,53,0
C0137,1,Emilie,Morrison,1957-10-29,F,USA,California,0,3,1,Website,69,2
C0138,1,Crystal,Wyatt,1939-06-30,F,USA,Oregon,1,3,1,Website,87,2
C0139,1,Annabel,Robles,1969-10-14,F,USA,California,0,5,1,Website,57,2
C0140,1,Rachel,Cross,1952-06-18,F,USA,California,0,3,0,Website,74,2
C0141,1,Madalyn,Mercer,1986-06-21,F,USA,California,0,5,0,Website,40,0
C0142,1,Michelle,Cameron,1978-06-04,F,USA,Nevada,0,3,1,Website,48,0
C0143,1,Ezra,Lozano,1958-02-24,M,USA,California,0,1,0,Website,68,2
C0144,1,Ramiro,Oneill,1954-09-29,M,USA,California,0,4,0,Agency,72,2
C0145,1,Emely,Watts,1964-11-30,F,USA,California,0,4,0,Website,62,2
C0146,1,Hazel,Ayers,2063-02-01,M,USA,Colorado,0,2,0,Website,-37,3
C0147,1,Cedric,Goodwin,1948-02-20,M,USA,Utah,0,4,0,Client,78,2
C0148,1,Dayton,Hatfield,1969-04-19,M,USA,Colorado,1,4,1,Agency,57,2
C0149,1,Piotr,Aleksandrov,2055-12-02,M,Russia,Krasnodar Krai,1,3,0,Agency,-29,1
C0150,1,Memphis,Mcconnell,1968-08-25,M,USA,California,0,2,1,Website,58,2
C0151,1,Arabella,Ferrell,1976-08-17,F,USA,Oregon,0,1,0,Agency,50,0
C0152,1,Sincere,Hansen,1967-01-19,F,USA,California,1,2,1,Agency,59,2
C0153,1,Lara,Carrillo,1983-02-24,F,USA,California,0,5,0,Website,43,0
C0154,1,Valentina,Simpson,1965-01-24,F,USA,California,0,4,1,Agency,61,2
C0155,0,Kamd,Co,1975-08-18,M,USA,California,1,5,0,Agency,51,0
C0156,1,Case,Sanchez,1966-05-26,F,USA,California,0,5,0,Website,60,2
C0157,1,Van,Charles,1952-05-15,M,USA,Colorado,0,2,1,Client,74,2
C0158,1,Emmy,Singh,1979-12-03,F,USA,Virginia,1,3,1,Agency,47,0
C0159,1,Colin,Campos,1942-04-14,M,USA,California,0,3,0,Website,84,2
C0160,1,Anya,Stephenson,2059-06-11,F,USA,California,0,4,0,Website,-33,3
C0161,1,Parker,Poole,2051-11-10,M,USA,California,0,5,0,Website,-25,1
C0162,1,Ivan,Bright,1953-09-15,M,USA,California,0,4,0,Website,73,2
C0163,1,Larry,Turner,1986-03-24,M,USA,Utah,1,5,1,Agency,40,0
C0164,1,Matthew,Nelson,1986-09-20,M,USA,Arizona,0,5,0,Website,40,0
C0165,1,Mary,Hall,2056-07-11,F,USA,California,0,3,1,Website,-30,1
C0166,1,Carolyn,Weaver,1984-01-24,F,USA,Arizona,0,4,1,Agency,42,0
C0167,1,Grace,Green,2055-02-02,F,UK,Scotland,0,3,1,Website,-29,1
C0168,1,Pamela,Sanders,2060-06-06,F,USA,Nevada,0,3,0,Agency,-34,3
C0169,1,Terry,Turner,1990-08-13,M,USA,Ohio,1,5,1,Agency,36,0
C0170,1,Jacob,Jones,1949-06-13,M,USA,California,0,5,0,Website,77,2
C0171,1,Julie,Sanders,1991-05-05,F,USA,Washington,1,5,1,Client,35,0
C0172,1,Catherine,Carter,1992-09-16,F,USA,Washington,0,1,1,Agency,34,0
C0173,1,Amber,Wilson,1976-07-20,F,USA,Arizona,0,5,1,Agency,50,0
C0174,1,Rachel,Harris,1982-07-06,F,USA,California,1,3,0,Client,44,0
C0175,1,Brandon,Alexander,2062-04-05,M,USA,Washington,0,5,0,Agency,-36,3
C0176,1,Hannah,Williams,1993-06-27,F,USA,California,0,2,0,Website,33,0
C0177,1,Sarah,Hansen,2051-03-05,F,UK,England,0,5,1,Website,-25,1
C0178,1,Laura,Chavez,1952-12-23,F,USA,Virginia,0,4,0,Agency,74,2
C0179,1,Ashley,Turner,1986-02-11,F,USA,Oregon,1,2,0,Website,40,0
C0180,1,Jacob,Wilson,1943-01-28,M,USA,California,0,2,1,Agency,83,2
C0181,1,Lawrence,Peterson,1970-04-26,M,USA,Texas,0,2,1,Website,56,2
C0182,1,Virginia,Bennett,2071-12-02,F,Germany,North Rhine-Westphalia,1,1,1,Website,-45,3
C0183,1,Nicholas,Green,1988-09-15,M,USA,Nevada,0,3,0,Website,38,0
C0184,1,Peter,Pierce,1994-01-21,M,USA,Florida,0,1,0,Website,32,0
C0185,1,Andrea,Nelson,2045-07-02,F,USA,Nevada,0,4,1,Agency,-19,1
C0186,1,Carol,Green,1982-04-02,F,USA,Virginia,0,1,0,Website,44,0
C0187,1,Cheryl,Kim,1990-01-17,F,USA,Florida,0,1,0,Website,36,0
C0188,1,Jose,Martin,2040-10-08,M,USA,Oregon,0,5,1,Website,-14,1
C0189,1,Anna,Adams,2058-12-11,F,USA,California,0,2,0,Agency,-32,3
C0190,1,Karen,Johnson,1971-10-19,F,USA,California,0,2,0,Website,55,0
C0191,1,Sarah,Turner,1977-05-06,F,USA,Florida,0,3,0,Agency,49,0
C0192,1,Margaret,Moore,1984-02-04,F,Belgium,Brussels,1,2,1,Website,42,0
C0193,1,Sharon,Campbell,2068-08-09,F,USA,California,1,4,1,Website,-42,3
C0194,1,Jonathan,Hall,1953-08-18,M,France,Ile-de-France,0,5,1,Website,73,2
C0195,1,Sean,Jones,1947-06-19,M,USA,California,0,2,1,Website,79,2
C0196,1,Alexander,Adams,1957-04-22,M,USA,Nevada,1,5,0,Agency,69,2
C0197,1,Kevin,Wright,2044-07-01,M,USA,Virginia,0,4,0,Client,-18,1
C0198,1,Michelle,White,1976-01-28,F,USA,California,0,4,0,Website,50,0
C0199,1,Ryan,Brown,1958-04-13,M,USA,California,0,3,0,Agency,68,2
C0200,1,Linda,Harris,2044-05-06,F,USA,California,0,1,0,Agency,-18,1
C0201,1,Lauren,Weaver,1968-02-13,F,USA,California,0,1,0,Agency,58,2
C0202,1,Jack,Reyes,1996-11-11,M,Canada,British Columbia,0,1,0,Website,30,0
C0203,1,Christine,Brooks,1956-05-18,F,USA,California,0,4,0,Client,70,2
C0204,1,Joyce,Pierce,2047-01-10,F,USA,California,0,5,0,Agency,-21,1
C0205,1,Kelly,Nelson,1968-08-26,F,Mexico,Puebla,0,1,1,Agency,58,2
C0206,1,Nancy,Roberts,2057-05-08,F,USA,California,0,1,1,Agency,-31,1
C0207,1,Kyle,Gray,1944-11-19,M,USA,Virginia,1,4,0,Website,82,2
C0208,1,Mark,James,1986-03-26,M,France,Provence,0,4,1,Agency,40,0
C0209,1,Kyle,Moore,1949-08-22,M,USA,Arizona,1,3,0,Agency,77,2
C0210,1,Janice,Price,1943-03-24,F,USA,Colorado,0,2,0,Website,83,2
C0211,1,Amy,Evans,1972-02-23,F,USA,California,0,3,0,Agency,54,0
C0212,1,Jacob,Wood,1956-03-23,M,USA,California,0,4,0,Agency,70,2
C0213,1,Jason,Gray,1976-10-23,M,USA,Florida,1,5,0,Agency,50,0
C0214,1,Helen,Wood,1946-07-18,F,Belgium,Brussels,1,5,0,Website,80,2
C0215,1,Lauren,Foster,1999-07-11,F,Germany,Hamburg,1,4,0,Website,27,0
C0216,1,Albert,Hansen,1999-07-19,M,USA,Utah,0,1,0,Website,27,0
C0217,1,Deborah,Miller,1984-07-11,F,USA,Colorado,0,3,0,Website,42,0
C0218,1,Shirley,Anderson,1970-01-24,F,USA,California,0,2,0,Website,56,2
C0219,1,William,Turner,1988-01-20,M,USA,California,0,4,0,Website,38,0
C0220,1,Walter,Phillips,2051-06-06,M,Canada,Ontario,1,1,0,Website,-25,1
C0221,0,Atlas,Co,1987-05-14,F,USA,California,0,5,0,Website,39,0
C0222,1,Christopher,Stone,2056-11-08,M,USA,Utah,1,3,0,Agency,-30,1
C0223,1,Patrick,Hansen,2073-11-12,M,USA,Colorado,1,3,1,Website,-47,3
C0224,1,Nathan,Richardson,1960-08-23,M,USA,Colorado,0,5,0,Website,66,2
C0225,1,Evelyn,Reyes,1948-12-19,F,USA,California,0,1,1,Agency,78,2
C0226,1,Julia,Jordan,2058-07-11,F,USA,Colorado,0,2,0,Website,-32,3
C0227,1,Rachel,Evans,1944-10-23,F,USA,Arizona,0,5,1,Website,82,2
C0228,1,Hannah,Owens,1952-04-23,F,USA,Oregon,1,4,0,Website,74,2
C0229,1,Jose,Turner,1981-11-19,M,USA,Colorado,1,5,0,Website,45,0
C0230,0,Forsyte,Co,1977-07-22,M,USA,Nevada,1,4,1,Website,49,0
C0231,1,Ronald,Rogers,1993-12-18,M,Denmark,Central Denmark,1,2,1,Website,33,0
C0232,1,Megan,Kim,2062-05-04,F,USA,California,0,3,1,Website,-36,3
C0233,1,Larry,Garcia,1997-09-10,M,France,Provence,0,4,1,Website,29,0
C0234,1,Andrea,Hughes,1979-03-02,F,USA,New York,0,1,1,Website,47,0
C0235,1,Kenneth,Allen,2049-10-10,M,USA,California,0,5,0,Website,-23,1
C0236,1,Gerald,Howard,2072-08-10,M,Canada,Manitoba,0,3,0,Agency,-46,3
C0237,1,Jason,Nelson,1984-11-03,M,USA,California,0,5,1,Website,42,0
C0238,1,Amber,Patterson,1982-01-08,F,USA,Virginia,0,4,1,Agency,44,0
C0239,1,Megan,Baker,1973-02-18,F,USA,Oregon,0,3,1,Website,53,0
C0240,1,Amber,Morales,1942-05-15,F,USA,Colorado,1,3,0,Website,84,2
C0241,1,Kelly,Anderson,1962-01-14,F,Mexico,Nuevo Leon,0,5,1,Website,64,2
C0242,1,Stephen,Peterson,1998-03-16,M,USA,Utah,0,3,1,Agency,28,0
C0243,1,Nancy,Patterson,1978-07-11,F,USA,Utah,0,2,0,Website,48,0
C0244,1,Joyce,Pierce,1998-08-03,F,USA,California,0,1,0,Website,28,0
C0245,1,Sean,Long,2074-01-07,M,USA,Nevada,1,4,0,Agency,-48,3
C0246,1,Stephen,Pierce,1992-05-15,M,France,Normandy,0,1,1,Agency,34,0
C0247,1,Kevin,Morris,1965-01-18,M,USA,California,0,1,0,Website,61,2
C0248,1,Carl,Collins,2068-12-09,M,USA,Florida,0,4,1,Agency,-42,3
C0249,1,Stephanie,Montgomery,2068-12-05,F,USA,California,1,4,0,Agency,-42,3
C0250,1,Justin,Stewart,1947-10-19,M,UK,England,0,2,0,Agency,79,2
C0251,1,Janice,Chavez,1976-08-11,F,USA,Utah,0,5,0,Website,50,0
C0252,1,Elizabeth,Rogers,1953-08-23,F,USA,Nevada,1,2,0,Website,73,2
C0253,1,Betty,Hughes,1994-09-15,F,USA,Virginia,0,4,0,Website,32,0
C0254,1,Rachel,Freeman,1956-07-21,F,USA,Florida,0,5,0,Website,70,2
C0255,1,Sara,Jones,2061-02-08,F,UK,England,1,3,1,Client,-35,3
C0256,1,Anthony,Hughes,1990-12-10,M,USA,California,0,1,1,Website,36,0
C0257,1,Nicholas,Kim,1974-10-22,M,USA,California,0,1,0,Website,52,0
C0258,1,Carl,Murray,1991-04-15,M,UK,Northern Ireland,0,4,1,Agency,35,0
C0259,1,Emma,Chavez,1990-02-15,F,USA,Oregon,0,4,0,Website,36,0
C0260,1,Rebecca,Wood,2046-08-04,F,USA,Nevada,1,3,0,Website,-20,1
C0261,0,Celera,Co,1985-05-13,F,USA,Florida,1,4,1,Website,41,0
C0262,1,Billy,Bryant,1947-05-25,M,USA,Oregon,0,2,0,Website,79,2
C0263,1,Anthony,Garcia,1981-08-02,M,USA,Nevada,1,2,1,Website,45,0
C0264,1,Melissa,Baker,1992-09-12,F,USA,Colorado,0,2,1,Agency,34,0
C0265,0,Celera,Co,1967-04-13,M,Belgium,Flanders,0,1,0,Website,59,2
C0266,1,Aaron,Owens,1977-02-26,M,USA,California,0,5,1,Agency,49,0
C0267,1,Judy,Howard,2048-11-12,F,USA,Utah,0,4,1,Agency,-22,1
C0268,1,Danielle,Carter,1959-02-21,F,USA,Georgia,1,3,0,Website,67,2
C0269,1,David,Stewart,2069-02-04,M,USA,New York,0,2,0,Agency,-43,3
C0270,1,Megan,Allen,1944-07-21,F,USA,Florida,0,5,0,Website,82,2
C0271,1,Laura,Hughes,1972-04-28,F,USA,California,1,3,0,Agency,54,0
C0272,1,Pamela,Green,1993-08-03,F,UK,Scotland,0,5,1,Website,33,0
C0273,1,Paul,Morales,1987-02-27,M,Denmark,Zealand,1,2,0,Website,39,0
C0274,1,Raymond,Young,2050-10-01,M,USA,Florida,0,2,0,Website,-24,1
C0275,1,William,Thompson,2000-06-26,M,USA,Oregon,0,1,1,Website,26,0
C0276,1,Gloria,Harris,1953-02-16,F,USA,Washington,0,5,0,Website,73,2
C0277,1,Jordan,Garcia,1954-11-17,M,USA,Colorado,1,1,1,Agency,72,2
C0278,1,Margaret,Foster,2055-08-03,F,USA,California,1,2,1,Website,-29,1
C0279,1,Heather,Montgomery,1967-05-15,F,USA,Oregon,0,1,0,Website,59,2
C0280,1,Nathan,Price,1944-04-14,M,USA,Florida,0,4,0,Client,82,2
C0281,1,Katherine,Phillips,1977-03-22,F,USA,California,0,1,1,Agency,49,0
C0282,1,Emily,Owens,1997-10-18,F,USA,California,1,1,0,Website,29,0
C0283,1,Susan,Edwards,2062-05-12,F,USA,Arizona,0,2,1,Agency,-36,3
C0284,1,Patrick,Owens,1977-02-25,M,USA,Arizona,0,4,0,Client,49,0
C0285,1,Billy,Parker,1999-03-09,M,France,Ile-de-France,1,3,0,Website,27,0
C0286,1,Noah,Brooks,1996-03-24,M,UK,Scotland,0,1,0,Agency,30,0
C0287,1,Joan,Bell,1990-06-10,F,Australia,New South Wales,0,5,0,Website,36,0
C0288,1,Kevin,Freeman,1997-11-03,M,USA,Colorado,1,4,0,Agency,29,0
C0289,1,Laura,Hayes,1993-06-14,F,USA,California,1,5,0,Agency,33,0
C0290,1,Ryan,Watson,2062-01-01,M,USA,California,0,2,0,Website,-36,3
C0291,1,James,Bryant,2053-07-06,M,USA,Nevada,0,2,0,Agency,-27,1
C0292,1,Karen,Watson,2045-12-02,F,USA,California,0,1,0,Agency,-19,1
C0293,1,Ruth,Collins,1993-07-01,F,USA,California,1,4,0,Website,33,0
C0294,1,Nicholas,Reyes,1963-07-17,M,USA,Nevada,0,3,1,Website,63,2
C0295,1,Roger,Harris,2067-09-07,M,Russia,Tatarstan,0,3,0,Agency,-41,3
C0296,1,Mark,Young,1984-04-06,M,Canada,Manitoba,0,1,1,Client,42,0
C0297,1,Julia,Murray,1972-11-19,F,UK,Wales,1,5,0,Agency,54,0
C0298,1,Sarah,Patterson,2072-11-10,F,USA,Oregon,0,3,0,Website,-46,3
C0299,1,Barbara,Davis,1977-05-03,F,UK,Wales,0,5,0,Agency,49,0
C0300,1,Zachary,Peterson,2059-04-11,M,Canada,Alberta,0,5,1,Website,-33,3
C0301,1,Lisa,Alexander,2059-03-02,F,USA,Virginia,0,4,0,Agency,-33,3
C0302,1,Maria,Edwards,1976-07-25,F,USA,Utah,1,1,0,Agency,50,0
C0303,1,Betty,Owens,2057-07-10,F,USA,Virginia,1,5,1,Website,-31,1
C0304,1,Patrick,Morris,1959-12-22,M,USA,California,1,1,0,Agency,67,2
C0305,1,Emily,Kim,1995-11-22,F,USA,Arizona,0,1,0,Website,31,0
C0306,1,Samuel,Foster,1988-04-05,M,USA,California,0,1,0,Client,38,0
C0307,1,Samuel,Freeman,1992-10-13,M,USA,California,0,5,1,Client,34,0
C0308,1,Catherine,Roberts,2072-10-10,F,Belgium,Flanders,1,4,1,Agency,-46,3
C0309,1,Stephanie,Cox,1957-10-15,F,USA,Washington,0,4,0,Agency,69,2
C0310,1,Edward,Weaver,1992-05-02,M,UK,Northern Ireland,0,3,0,Website,34,0
C0311,1,Justin,Anderson,2052-03-09,M,USA,Georgia,0,2,0,Website,-26,1
C0312,1,Zachary,Cooper,1941-01-14,M,USA,Nevada,0,3,1,Website,85,2
C0313,0,Stratos,Co,2074-04-12,M,USA,California,0,1,0,Agency,-48,3
C0314,1,Andrew,Jones,1982-08-23,M,USA,Washington,1,4,0,Agency,44,0
C0315,1,Michael,Phillips,1987-03-18,M,Mexico,Baja California,1,5,0,Website,39,0
C0316,1,Brandon,Martin,1997-04-14,M,UK,Scotland,1,4,1,Website,29,0
C0317,1,Amber,Hansen,1999-11-17,F,USA,California,1,2,1,Website,27,0
C0318,1,Amy,Peterson,1974-03-22,F,Germany,Berlin,0,5,0,Website,52,0
C0319,0,Zynex,Co,1995-11-12,F,USA,Texas,0,5,1,Website,31,0
C0320,1,Tyler,Cox,1984-12-01,M,USA,Texas,0,3,1,Client,42,0
C0321,1,Jesse,Cook,1992-01-12,M,USA,California,1,2,0,Agency,34,0
C0322,1,Deborah,Moore,1996-12-25,F,USA,California,0,2,1,Website,30,0
C0323,1,Samantha,Hayes,1975-09-16,F,USA,California,1,2,1,Website,51,0
C0324,1,Raymond,Parker,1993-06-14,M,USA,Washington,0,4,0,Website,33,0
C0325,1,Maria,Flores,1983-02-24,F,USA,California,0,5,1,Agency,43,0
C0326,1,Daniel,Reed,2058-05-10,M,USA,Oregon,1,4,1,Agency,-32,3
C0327,1,Elizabeth,Ward,2061-07-09,F,UK,Scotland,0,1,0,Agency,-35,3
C0328,1,William,Young,1946-10-22,M,USA,California,0,1,1,Client,80,2
C0329,1,Diane,Morales,1998-10-05,F,Germany,Hesse,0,3,0,Agency,28,0
C0330,1,Christian,Richardson,1975-06-21,M,USA,California,0,1,0,Website,51,0
C0331,1,Ann,Martin,1984-05-23,F,USA,California,1,3,0,Agency,42,0
C0332,1,Christopher,Price,1989-12-15,M,USA,Texas,1,3,0,Website,37,0
C0333,1,Helen,Hall,1955-12-23,F,UK,Wales,0,3,0,Website,71,2
C0334,1,Andrew,Roberts,2050-08-01,M,USA,Arizona,1,3,0,Agency,-24,1
C0335,1,Charles,Morris,1975-12-24,M,USA,Arizona,0,4,0,Website,51,0
C0336,1,Karen,Price,1971-11-17,F,USA,California,1,5,0,Agency,55,0
C0337,1,Nathan,Alexander,1942-01-27,M,USA,Arizona,0,3,1,Website,84,2
C0338,1,Patrick,Flores,1943-05-28,M,USA,California,0,5,1,Website,83,2
C0339,1,Keith,King,2063-10-05,M,USA,Utah,1,5,0,Agency,-37,3
C0340,1,Daniel,Garcia,1940-11-25,M,USA,California,1,2,0,Agency,86,2
C0341,1,Carl,Chavez,1982-11-10,M,USA,California,1,4,0,Agency,44,0
C0342,1,Kevin,Hughes,1974-08-15,M,USA,California,1,2,0,Client,52,0
C0343,1,Joyce,Thompson,1952-06-17,F,USA,California,0,2,0,Website,74,2
C0344,1,Joshua,Jackson,1997-05-13,M,Canada,British Columbia,0,2,1,Website,29,0
C0345,1,Stephanie,Hall,1969-09-15,F,USA,New York,0,4,1,Website,57,2
C0346,1,Amy,Nelson,2063-06-02,F,USA,California,0,5,0,Agency,-37,3
C0347,1,Mark,Reyes,1992-05-24,M,USA,Washington,0,3,1,Website,34,0
C0348,1,Jack,Pierce,1982-02-13,M,USA,Colorado,1,5,1,Agency,44,0
C0349,1,Paul,Jackson,1975-06-26,M,USA,Arizona,0,2,1,Agency,51,0
C0350,1,Richard,Jones,1992-12-11,M,USA,Arizona,0,2,0,Agency,34,0
C0351,1,Michelle,Watson,1961-12-27,F,USA,Oregon,0,5,0,Agency,65,2
C0352,1,Judith,Williams,1977-06-22,F,USA,Nevada,1,3,0,Agency,49,0
C0353,1,Anna,Murray,1964-04-24,F,USA,Arizona,0,2,0,Agency,62,2
C0354,1,Kimberly,Turner,1998-10-23,F,USA,California,0,4,0,Website,28,0
C0355,1,Henry,Alexander,1951-10-16,M,Mexico,Baja California,1,1,0,Website,75,2
C0356,1,Andrea,Kim,1976-06-06,F,USA,Georgia,0,3,0,Website,50,0
C0357,1,Danielle,Griffin,1988-04-09,F,USA,California,0,3,0,Website,38,0
C0358,1,Katherine,Griffin,1978-09-26,F,Australia,New South Wales,0,3,1,Agency,48,0
C0359,1,Julie,Cooper,2051-03-10,F,USA,California,1,1,0,Agency,-25,1
C0360,1,Laura,Baker,2048-09-09,F,USA,Utah,0,2,1,Agency,-22,1
C0361,1,Nicholas,Miller,2058-09-08,M,UK,England,0,1,1,Website,-32,3
C0362,1,Betty,Moore,2000-09-06,F,USA,Utah,0,4,0,Website,26,0
C0363,1,Christine,Edwards,1959-01-25,F,USA,Utah,1,2,0,Client,67,2
C0364,1,George,Gray,2044-03-02,M,USA,Texas,0,2,0,Website,-18,1
C0365,1,Brandon,Morales,2062-02-11,M,USA,Colorado,1,5,0,Agency,-36,3
C0366,1,Keith,Long,1983-04-26,M,USA,California,0,4,0,Website,43,0
C0367,1,Samuel,Collins,1964-11-25,M,USA,California,1,4,0,Agency,62,2
C0368,1,Betty,Scott,1992-08-11,F,USA,California,0,4,1,Agency,34,0
C0369,1,Helen,Murray,2054-10-01,F,USA,Utah,0,2,1,Agency,-28,1
C0370,1,Michelle,Brooks,1957-09-23,F,Russia,Krasnodar Krai,0,1,0,Website,69,2
C0371,1,Ryan,Moore,1970-03-15,M,Belgium,Wallonia,1,3,0,Agency,56,2
C0372,1,Teresa,Nelson,1952-04-22,F,Belgium,Flanders,1,1,0,Agency,74,2
C0373,1,Karen,Morales,1993-01-27,F,USA,Georgia,0,2,0,Agency,33,0
C0374,1,Madison,Hughes,1993-11-07,F,Australia,New South Wales,1,4,1,Agency,33,0
C0375,1,Kyle,Thompson,1968-07-15,M,USA,California,1,4,0,Website,58,2
C0376,1,Shirley,Smith,1953-04-19,F,USA,California,0,3,0,Website,73,2
C0377,1,Charles,Patterson,1998-05-14,M,USA,Washington,0,4,0,Website,28,0
C0378,1,Heather,Anderson,1957-11-28,F,USA,California,1,3,1,Website,69,2
C0379,0,Optima,Co,1977-04-22,M,USA,California,1,2,1,Client,49,0
C0380,1,Evelyn,Chavez,1973-09-13,F,USA,California,0,3,1,Website,53,0
C0381,1,David,Gray,2061-01-08,M,USA,California,0,5,1,Agency,-35,3
C0382,1,Nicholas,Garcia,2075-08-08,M,USA,California,1,1,1,Agency,-49,3
C0383,0,Novex,Co,1985-11-09,F,Mexico,Mexico City,1,3,0,Agency,41,0
C0384,1,Amy,Stewart,1944-03-22,F,USA,California,0,3,1,Website,82,2
C0385,1,Douglas,Owens,2069-01-12,M,UK,Northern Ireland,1,4,0,Website,-43,3
C0386,1,Carol,Stewart,1976-03-25,F,USA,Colorado,0,2,0,Client,50,0
C0387,1,Jessica,Owens,1974-07-18,F,USA,California,0,2,1,Website,52,0
C0388,1,Zachary,Cox,1995-09-24,M,USA,California,0,4,0,Agency,31,0
C0389,1,Ronald,Stone,1954-11-18,M,USA,Colorado,0,3,0,Website,72,2
C0390,1,Steven,Griffin,1942-04-23,M,Canada,Quebec,1,2,0,Website,84,2
C0391,1,Heather,Long,2066-11-12,F,USA,California,0,5,0,Agency,-40,3
C0392,1,Katherine,Adams,1977-06-14,F,USA,Arizona,0,2,1,Website,49,0
C0393,1,Nicole,Allen,1988-06-08,F,USA,Arizona,0,4,0,Agency,38,0
C0394,1,Shirley,Foster,1954-11-24,F,USA,Colorado,0,3,1,Website,72,2
C0395,1,Deborah,Chavez,1959-01-17,F,USA,Florida,0,1,0,Website,67,2
C0396,1,Charles,Allen,2000-04-17,M,USA,Nevada,0,5,0,Agency,26,0
C0397,1,Hannah,Williams,2000-09-18,F,USA,California,0,5,0,Website,26,0
C0398,1,Jennifer,Alexander,1948-12-22,F,USA,Texas,0,1,1,Agency,78,2
C0399,1,Albert,Kim,1984-06-09,M,USA,California,0,4,0,Agency,42,0
C0400,1,Brandon,Anderson,1959-11-25,M,USA,California,0,4,0,Agency,67,2
C0401,1,Brian,Anderson,1969-07-21,M,USA,Arizona,0,5,1,Website,57,2
C0402,1,Brenda,Garcia,1941-02-22,F,USA,Georgia,0,5,0,Website,85,2
C0403,1,Jennifer,Adams,1963-03-25,F,Australia,New South Wales,0,1,0,Website,63,2
C0404,1,Sara,Cook,1976-12-05,F,France,Normandy,1,1,0,Client,50,0
C0405,0,Horizon,Co,1969-12-25,M,USA,Colorado,0,1,0,Agency,57,2
C0406,1,Christine,Brown,1960-05-26,F,USA,Colorado,0,3,0,Website,66,2
C0407,1,Lisa,Freeman,1982-04-23,F,USA,California,0,2,0,Client,44,0
C0408,1,Tyler,Rogers,1977-02-03,M,USA,California,0,3,0,Website,49,0
C0409,1,Timothy,Reyes,1972-09-18,M,USA,Nevada,0,1,1,Website,54,0
C0410,1,Diane,Johnson,1982-07-13,F,Russia,Saint Petersburg,0,5,1,Agency,44,0
C0411,1,Amanda,Moore,1983-05-09,F,USA,California,0,2,0,Website,43,0
C0412,1,Karen,Richardson,1984-04-24,F,UK,Scotland,0,5,0,Website,42,0
C0413,1,Brandon,Smith,2040-07-11,M,Canada,British Columbia,0,3,0,Website,-14,1
C0414,1,Brandon,Reed,2062-12-07,M,USA,California,0,4,0,Website,-36,3
C0415,1,Grace,Turner,1980-07-09,F,USA,Nevada,0,5,1,Agency,46,0
C0416,0,Bravada,Co,1981-07-28,M,Germany,North Rhine-Westphalia,1,5,1,Client,45,0
C0417,1,Peter,Collins,2047-12-03,M,USA,Utah,0,2,0,Website,-21,1
C0418,1,Douglas,Howard,1996-08-20,M,USA,Arizona,0,5,0,Agency,30,0
C0419,1,Jack,Hansen,2062-11-03,M,USA,Washington,0,3,1,Agency,-36,3
C0420,1,Debra,Reyes,1994-01-04,F,USA,California,0,5,0,Agency,32,0
C0421,1,Zachary,Cox,1975-08-25,M,Germany,Hesse,1,5,1,Website,51,0
C0422,0,Telnox,Co,1973-11-13,F,USA,California,0,1,1,Client,53,0
C0423,1,Rachel,Sanders,1950-04-17,F,USA,California,0,1,0,Client,76,2
C0424,1,Sarah,Stewart,1998-12-04,F,USA,Florida,0,1,0,Website,28,0
C0425,1,Gerald,Wright,2065-03-11,M,USA,Nevada,0,2,0,Agency,-39,3
C0426,1,Julie,Brown,2053-10-07,F,USA,Oregon,0,4,1,Client,-27,1
C0427,1,Sarah,Peterson,1994-09-06,F,USA,California,0,4,1,Website,32,0
C0428,1,Gloria,Rogers,1962-07-20,F,USA,Oregon,0,3,0,Agency,64,2
C0429,1,Danielle,Stone,1995-11-05,F,USA,California,0,3,1,Website,31,0
C0430,1,Roger,Wood,2074-10-05,M,USA,Nevada,0,2,0,Agency,-48,3
C0431,1,Austin,King,2069-05-05,M,USA,California,0,5,1,Website,-43,3
C0432,0,Grandis,Co,1995-02-17,M,USA,California,0,5,0,Agency,31,0
C0433,1,Ruth,Hughes,2069-03-03,F,USA,California,1,2,1,Website,-43,3
C0434,1,Amanda,Sanders,1964-12-25,F,Russia,Tatarstan,0,5,0,Website,62,2
C0435,1,Sara,Richardson,1966-01-25,F,Australia,New South Wales,0,5,1,Website,60,2
C0436,1,Brandon,Jones,2072-05-12,M,USA,Colorado,0,2,1,Client,-46,3
C0437,1,Danielle,James,1990-10-05,F,USA,Texas,0,1,0,Website,36,0
C0438,1,Gregory,Collins,1982-10-09,M,USA,Georgia,1,1,1,Client,44,0
C0439,1,Larry,Thompson,2056-03-08,M,USA,Virginia,0,2,0,Agency,-30,1
C0440,1,Lawrence,Parker,1960-07-13,M,USA,California,1,1,0,Agency,66,2
C0441,1,Joan,Foster,1980-10-01,F,Russia,Krasnodar Krai,1,1,0,Agency,46,0
C0442,1,Sarah,Hansen,1975-04-14,F,USA,Colorado,0,3,1,Website,51,0
C0443,1,Noah,Foster,1950-06-22,M,Denmark,Capital Region,0,1,1,Agency,76,2
C0444,1,Jennifer,Martin,1941-03-15,F,USA,California,0,2,0,Website,85,2
C0445,1,Michelle,Evans,1995-11-12,F,USA,California,0,2,1,Website,31,0
C0446,1,Douglas,Thomas,2055-02-01,M,USA,Colorado,0,2,0,Website,-29,1
C0447,1,Patricia,Johnson,1956-06-27,F,USA,New York,0,2,0,Website,70,2
C0448,1,Mark,White,1980-06-10,M,USA,Nevada,1,2,0,Agency,46,0
C0449,1,Jordan,King,1972-06-24,M,USA,Oregon,1,2,0,Agency,54,0
C0450,1,Matthew,Jackson,1992-02-19,M,Mexico,Nuevo Leon,0,3,0,Website,34,0
C0451,1,Larry,Anderson,1985-09-20,M,Canada,Alberta,1,5,1,Client,41,0
C0452,1,Brandon,Adams,1967-10-17,M,USA,Washington,0,3,0,Website,59,2
C0453,1,Carl,Wood,1993-04-16,M,UK,Scotland,1,1,0,Website,33,0
C0454,0,Altira,Co,2061-04-01,F,USA,Nevada,1,4,0,Agency,-35,3
C0455,1,Karen,Williams,2063-02-01,F,USA,California,0,1,0,Agency,-37,3
C0456,1,Virginia,Brooks,1995-11-18,F,USA,Oregon,0,3,1,Website,31,0
C0457,1,Kenneth,Hansen,1980-07-19,M,UK,Wales,1,1,0,Agency,46,0
C0458,1,Thomas,Turner,1995-07-04,M,USA,Oregon,1,1,0,Agency,31,0
C0459,1,Steven,Johnson,1955-03-23,M,USA,California,0,3,0,Agency,71,2
C0460,1,Amanda,Cox,1992-12-25,F,USA,Virginia,0,1,0,Website,34,0
C0461,1,Jonathan,Peterson,1960-02-16,M,USA,Arizona,0,1,0,Agency,66,2
C0462,1,Eric,White,1943-10-22,M,Australia,Victoria,0,2,0,Agency,83,2
C0463,1,Nicholas,Garcia,1970-06-13,M,USA,California,0,5,0,Client,56,2
C0464,1,Gregory,Turner,2074-12-11,M,USA,Florida,0,5,0,Website,-48,3
C0465,1,George,Carter,2049-09-02,M,USA,California,0,3,0,Website,-23,1
C0466,1,Patricia,Cox,1988-05-19,F,USA,Virginia,1,2,0,Website,38,0
C0467,1,Rebecca,Chavez,2052-04-05,F,USA,Ohio,0,1,1,Agency,-26,1
C0468,1,Raymond,Smith,1952-11-13,M,Mexico,Jalisco,1,3,1,Website,74,2
C0469,1,Adam,Foster,1997-03-23,M,USA,California,0,2,0,Website,29,0
C0470,1,Joan,Anderson,1963-02-17,F,USA,Oregon,0,1,0,Agency,63,2
C0471,1,Gary,Collins,1984-06-26,M,USA,Utah,1,3,0,Agency,42,0
C0472,1,Edward,Moore,2051-10-04,M,USA,California,0,4,0,Website,-25,1
C0473,1,Sharon,Price,1981-08-09,F,USA,California,0,3,0,Agency,45,0
C0474,1,Gregory,Young,1995-12-08,M,USA,Nevada,0,1,0,Website,31,0
C0475,1,William,Brooks,1946-08-18,M,Belgium,Wallonia,1,2,1,Agency,80,2
C0476,1,Steven,Johnson,1997-04-05,M,USA,Florida,0,3,0,Agency,29,0
C0477,1,Jesse,Stone,1984-02-01,M,USA,California,1,4,1,Website,42,0
C0478,1,Ashley,Garcia,2040-08-02,F,USA,Ohio,1,4,0,Website,-14,1
C0479,1,Virginia,Wright,1978-04-06,F,USA,California,0,2,1,Agency,48,0
C0480,1,Scott,Bryant,1974-09-16,M,USA,California,0,4,1,Website,52,0
C0481,1,Sean,Williams,1976-12-12,M,USA,Arizona,0,3,0,Agency,50,0
C0482,1,Deborah,Brown,1980-10-08,F,USA,New York,1,3,1,Agency,46,0
C0483,1,Kevin,Jackson,1985-11-08,M,USA,Arizona,1,1,0,Website,41,0
C0484,1,Janet,Wright,1989-04-19,F,USA,Texas,1,3,0,Website,37,0
C0485,1,Julia,Morales,1991-10-07,F,USA,Arizona,0,2,0,Website,35,0
C0486,1,Billy,Carter,1999-09-16,M,USA,California,1,2,1,Website,27,0
C0487,1,Jessica,Williams,1991-10-23,F,USA,Washington,0,5,0,Website,35,0
C0488,1,Megan,Jackson,1979-05-11,F,USA,California,1,4,0,Agency,47,0
C0489,1,Austin,Jordan,2050-06-08,M,Germany,Berlin,1,2,0,Website,-24,1
C0490,1,Emily,Wright,1954-01-23,F,USA,Nevada,1,5,1,Website,72,2
C0491,1,Noah,White,2041-08-05,M,USA,Washington,0,2,0,Website,-15,1
C0492,1,Raymond,Price,2000-05-07,M,USA,Utah,0,3,1,Website,26,0
C0493,1,Tyler,Hughes,2054-07-06,M,USA,Colorado,0,3,0,Website,-28,1
C0494,1,Grace,Carter,1990-08-03,F,USA,California,0,3,1,Website,36,0
C0495,1,Jerry,Hall,1954-02-18,M,USA,California,1,5,0,Client,72,2
C0496,1,Billy,Reyes,1990-01-04,M,USA,California,0,4,0,Agency,36,0
C0497,1,Emma,Stewart,1985-02-02,F,USA,Arizona,1,4,1,Website,41,0
C0498,1,Nancy,Collins,1948-11-21,F,Canada,Alberta,0,2,1,Website,78,2
C0499,1,Lisa,Patterson,2046-02-10,F,USA,Colorado,0,3,1,Agency,-20,1
C0500,1,Dennis,Howard,1977-03-15,M,USA,California,0,4,1,Website,49,0
C0501,1,Kenneth,Jackson,1995-11-12,M,USA,Nevada,1,5,1,Agency,31,0
C0502,1,Madison,Gray,1966-11-28,F,USA,Arizona,0,4,0,Website,60,2
C0503,1,Keith,Peterson,1943-09-26,M,USA,Utah,1,2,1,Client,83,2
C0504,1,Jeffrey,Green,1992-01-14,M,USA,Utah,0,2,0,Website,34,0
C0505,1,Katherine,Wilson,1995-07-18,F,USA,Arizona,0,3,0,Agency,31,0
C0506,1,Albert,Stone,2067-07-04,M,USA,California,0,5,0,Agency,-41,3
C0507,1,Mark,Morales,1951-02-26,M,USA,New York,0,3,0,Website,75,2
C0508,1,Grace,Weaver,2070-01-06,F,USA,Nevada,0,5,0,Agency,-44,3
C0509,1,Aaron,Cook,2056-04-02,M,Belgium,Wallonia,0,3,0,Website,-30,1
C0510,1,Samantha,Evans,1947-08-28,F,France,Brittany,1,1,1,Website,79,2
C0511,1,Christine,Parker,1954-07-20,F,UK,England,0,2,0,Website,72,2
C0512,1,Hannah,Flores,1945-06-27,F,USA,Arizona,0,1,0,Client,81,2
C0513,1,Christian,Morales,1999-03-07,M,USA,Florida,0,2,1,Agency,27,0
C0514,1,Rebecca,Evans,1977-08-17,F,USA,Oregon,0,1,1,Website,49,0
C0515,1,Melissa,Patterson,2063-09-12,F,USA,California,0,1,1,Website,-37,3
C0516,1,Lawrence,Nelson,1946-04-21,M,USA,Utah,0,3,0,Website,80,2
C0517,1,Harold,Thompson,1959-03-20,M,USA,California,0,5,0,Client,67,2
C0518,0,Lumina,Co,1962-05-22,F,USA,New York,0,3,0,Website,64,2
C0519,1,Madison,Freeman,2075-10-04,F,USA,Arizona,1,3,0,Agency,-49,3
C0520,1,Helen,White,2070-02-11,F,USA,Oregon,0,3,1,Agency,-44,3
C0521,1,Stephanie,Allen,2067-04-02,F,Canada,British Columbia,0,3,0,Website,-41,3
C0522,1,Nicole,Campbell,1942-07-13,F,USA,Virginia,0,5,0,Agency,84,2
C0523,1,Cynthia,Hansen,1960-08-22,F,USA,Colorado,0,2,0,Agency,66,2
C0524,1,Harold,Thompson,1953-05-24,M,USA,Washington,0,3,0,Website,73,2
C0525,1,Frank,Gray,2050-06-12,M,USA,Arizona,0,4,1,Agency,-24,1
C0526,1,Harold,Green,1968-02-28,M,Germany,Bavaria,0,5,0,Website,58,2
C0527,1,Andrew,Baker,1979-07-19,M,USA,California,0,2,0,Website,47,0
C0528,1,Benjamin,Davis,2000-08-09,M,USA,Washington,1,2,0,Client,26,0
C0529,1,Paul,Jordan,1973-11-14,M,USA,Nevada,0,4,1,Website,53,0
C0530,1,Patricia,Reed,2052-09-07,F,USA,Utah,0,2,1,Agency,-26,1
C0531,1,Emily,White,1976-09-19,F,USA,California,0,1,0,Website,50,0
C0532,1,Lauren,Moore,1979-08-12,F,Belgium,Flanders,0,2,0,Website,47,0
C0533,1,Jeffrey,Williams,2063-09-06,M,USA,Nevada,1,1,0,Agency,-37,3
C0534,1,Bryan,Miller,1958-02-21,M,USA,California,1,1,0,Agency,68,2
C0535,1,Judith,Allen,1987-12-22,F,UK,Wales,0,3,0,Agency,39,0
C0536,1,Brittany,Weaver,1956-03-14,F,USA,Arizona,1,5,1,Website,70,2
C0537,1,Carl,Baker,1962-04-25,M,USA,Florida,0,2,0,Client,64,2
C0538,1,Richard,Pierce,1969-04-23,M,USA,California,0,1,1,Agency,57,2
C0539,1,Lawrence,Bryant,1991-02-25,M,USA,California,1,1,1,Agency,35,0
C0540,1,Anna,Long,1997-02-27,F,USA,New York,0,3,0,Agency,29,0
C0541,1,Anthony,Garcia,2000-03-22,M,UK,Northern Ireland,0,3,0,Agency,26,0
C0542,0,Lumina,Co,1985-09-26,M,Mexico,Mexico City,0,3,0,Website,41,0
C0543,1,Joan,Parker,1947-07-23,F,USA,Texas,0,2,1,Website,79,2
C0544,1,Kevin,White,1974-10-16,M,USA,Utah,0,2,0,Website,52,0
C0545,1,Paul,Griffin,2042-08-04,M,USA,Colorado,0,1,1,Agency,-16,1
C0546,1,Samuel,Flores,1967-12-23,M,Canada,Manitoba,0,4,0,Client,59,2
C0547,1,Diane,Allen,1947-09-20,F,USA,California,1,2,0,Agency,79,2
C0548,1,Christopher,Foster,1980-04-11,M,USA,California,0,2,0,Agency,46,0
C0549,1,Daniel,Sanders,1972-10-15,M,USA,Florida,0,4,0,Website,54,0
C0550,0,Vertex,Co,2067-04-09,F,USA,Nevada,0,1,0,Agency,-41,3
C0551,1,Billy,Freeman,1960-05-17,M,USA,California,1,4,0,Website,66,2
C0552,1,Kyle,Cook,1965-10-20,M,USA,Virginia,1,3,0,Agency,61,2
C0553,1,James,Bell,1978-11-26,M,USA,Arizona,0,3,0,Website,48,0
C0554,1,Carl,Moore,1948-12-24,M,Australia,Victoria,0,1,1,Agency,78,2
C0555,1,Aaron,Nelson,1971-04-23,M,USA,California,1,4,1,Agency,55,0
C0556,1,Zachary,Sanders,1958-10-17,M,USA,Colorado,0,5,0,Website,68,2
C0557,1,Judy,Griffin,1941-09-25,F,USA,Utah,1,2,0,Website,85,2
C0558,1,Cheryl,Wood,1974-10-23,F,Denmark,North Denmark,0,3,0,Website,52,0
C0559,0,Corvus,Co,1969-08-18,M,USA,California,0,5,0,Client,57,2
C0560,1,Janice,Nelson,1988-04-20,F,Australia,South Australia,0,3,0,Website,38,0
C0561,0,Bravada,Co,1962-11-20,F,USA,Arizona,1,3,0,Website,64,2
C0562,1,Judy,Peterson,1940-11-23,F,USA,Utah,1,5,1,Website,86,2
C0563,1,William,Howard,1991-01-22,M,USA,California,0,2,1,Agency,35,0
C0564,1,Scott,Adams,2052-09-02,M,USA,Texas,0,1,0,Agency,-26,1
C0565,1,Austin,Wood,1985-09-26,M,France,Brittany,0,1,0,Website,41,0
C0566,1,Janice,Miller,2000-12-09,F,USA,Oregon,1,4,1,Agency,26,0
C0567,1,Megan,Chavez,2053-10-07,F,Russia,Saint Petersburg,1,2,1,Agency,-27,1
C0568,1,Timothy,Wright,2053-09-04,M,USA,California,0,3,0,Website,-27,1
C0569,1,Mary,Cook,2071-12-05,F,USA,California,0,5,1,Client,-45,3
C0570,1,Hannah,Peterson,2065-06-03,F,France,Occitanie,0,5,1,Website,-39,3
C0571,1,Adam,Chavez,2066-07-03,M,USA,California,0,3,0,Website,-40,3
C0572,1,Ann,Johnson,1993-11-12,F,USA,California,1,5,0,Website,33,0
C0573,0,Altira,Co,1977-04-24,M,USA,Georgia,0,4,1,Agency,49,0
C0574,1,Gerald,Cox,1968-09-15,M,USA,California,0,2,0,Agency,58,2
C0575,1,Brian,Hansen,1966-01-21,M,USA,California,1,2,0,Website,60,2
C0576,1,Terry,Reyes,1959-02-24,M,Germany,Hamburg,0,1,0,Client,67,2
C0577,1,Christopher,Miller,1989-05-18,M,USA,Arizona,0,3,0,Website,37,0
C0578,1,Lauren,Rogers,1999-07-22,F,USA,Arizona,0,5,1,Client,27,0
C0579,1,Christopher,Ward,2041-09-04,M,USA,Texas,1,3,0,Website,-15,1
C0580,1,Heather,Watson,2048-11-01,F,USA,California,0,2,1,Client,-22,1
C0581,1,Kimberly,Stewart,1957-12-21,F,USA,California,1,5,1,Website,69,2
C0582,1,Teresa,Pierce,2040-02-10,F,USA,Washington,1,3,1,Website,-14,1
C0583,1,Kevin,Scott,1986-10-27,M,USA,California,0,2,0,Agency,40,0
C0584,1,Janice,Taylor,1982-11-03,F,USA,California,0,5,0,Website,44,0
C0585,1,Anthony,Edwards,2061-02-07,M,USA,Colorado,0,3,0,Agency,-35,3
C0586,1,Noah,Morales,1977-06-14,M,USA,California,0,2,1,Client,49,0
C0587,1,Pamela,Richardson,1992-11-24,F,USA,New York,0,4,0,Website,34,0
C0588,1,Janice,White,1989-11-20,F,USA,Florida,0,2,0,Website,37,0
C0589,1,Christopher,Williams,1946-09-21,M,USA,Texas,1,5,0,Client,80,2
C0590,1,Arthur,Campbell,1966-09-16,M,UK,Scotland,1,2,0,Website,60,2
C0591,1,Dorothy,Long,2068-09-03,F,USA,Nevada,0,1,0,Website,-42,3
C0592,1,Roger,Moore,2072-03-06,M,USA,Arizona,1,2,0,Client,-46,3
C0593,1,Elizabeth,Carter,2052-08-08,F,USA,California,0,2,1,Agency,-26,1
C0594,1,Diane,Patterson,2042-08-02,F,USA,Utah,0,1,0,Agency,-16,1
C0595,1,Anna,Murray,2066-10-06,F,USA,Utah,0,3,0,Agency,-40,3
C0596,1,Gerald,Phillips,1976-04-17,M,USA,Nevada,0,4,0,Agency,50,0
C0597,1,Peter,King,1986-02-17,M,UK,Northern Ireland,0,2,1,Website,40,0
C0598,1,Jacob,Gray,1949-06-24,M,USA,Colorado,1,4,0,Website,77,2
C0599,1,Jennifer,Turner,1998-03-19,F,Canada,Alberta,0,2,0,Agency,28,0
C0600,1,Thomas,King,1984-03-17,M,USA,Oregon,1,1,0,Client,42,0
C0601,1,Lisa,Nelson,1972-10-16,F,USA,California,0,4,0,Website,54,0
C0602,1,Albert,Hayes,1984-03-24,M,Germany,Bavaria,0,4,0,Agency,42,0
C0603,1,Diane,Thompson,1994-01-07,F,USA,New York,0,4,1,Agency,32,0
C0604,1,Danielle,Montgomery,1998-09-17,F,Belgium,Wallonia,0,1,0,Agency,28,0
C0605,1,Nathan,Flores,1974-06-28,M,USA,Utah,0,4,1,Agency,52,0
C0606,1,Carolyn,Stone,1949-12-25,F,France,Ile-de-France,1,1,0,Website,77,2
C0607,1,Daniel,Edwards,1962-09-14,M,USA,California,0,1,0,Agency,64,2
C0608,1,Jerry,Adams,1956-06-14,M,USA,California,0,4,0,Agency,70,2
C0609,1,Julia,Richardson,1961-05-22,F,USA,Washington,0,4,0,Agency,65,2
C0610,1,Ann,Owens,2070-05-10,F,USA,California,1,4,0,Website,-44,3
C0611,1,Jacob,Price,2050-12-06,M,USA,California,0,4,0,Agency,-24,1
C0612,1,Kevin,Wood,1960-01-26,M,USA,Florida,0,4,0,Agency,66,2
C0613,1,Cynthia,Cox,1995-10-02,F,Australia,Victoria,0,4,0,Agency,31,0
C0614,1,George,Bryant,2072-01-07,M,UK,Wales,0,3,1,Website,-46,3
C0615,1,Jordan,King,2057-01-12,M,USA,Utah,0,2,1,Website,-31,1
C0616,1,Julie,Brooks,1963-04-17,F,USA,Virginia,1,1,1,Agency,63,2
C0617,1,Carolyn,Evans,1986-10-07,F,USA,Ohio,0,5,1,Website,40,0
C0618,1,Austin,Taylor,2068-05-11,M,USA,Texas,0,3,0,Agency,-42,3
C0619,1,Heather,Morales,1970-04-25,F,USA,Washington,0,4,0,Website,56,2
C0620,1,Sarah,Howard,1960-04-22,F,France,Brittany,0,3,0,Website,66,2
C0621,1,Jonathan,Turner,1982-02-13,M,Germany,Bavaria,1,3,1,Agency,44,0
C0622,1,Katherine,Ward,1987-10-09,F,USA,Washington,1,2,0,Client,39,0
C0623,1,Jonathan,Adams,1986-04-27,M,USA,Florida,1,3,1,Client,40,0
C0624,1,Carl,Jordan,2000-09-02,M,USA,Nevada,1,3,0,Agency,26,0
C0625,1,Deborah,Hayes,1983-07-08,F,Belgium,Flanders,1,2,1,Agency,43,0
C0626,1,Sara,Jones,1968-06-13,F,Germany,Hamburg,1,2,0,Website,58,2
C0627,1,Katherine,Johnson,2000-11-07,F,USA,Arizona,0,3,0,Agency,26,0
C0628,1,Arthur,Campbell,1985-05-16,M,Canada,British Columbia,0,3,1,Agency,41,0
C0629,1,Maria,Richardson,2046-07-09,F,USA,California,1,2,0,Agency,-20,1
C0630,1,Stephen,Roberts,1965-07-28,M,USA,California,0,2,0,Website,61,2
C0631,1,Dorothy,Flores,2066-12-11,F,USA,California,0,5,0,Website,-40,3
C0632,1,Thomas,Nelson,1948-05-16,M,UK,Northern Ireland,0,4,0,Website,78,2
C0633,1,Ann,Owens,2041-05-12,F,USA,Nevada,0,3,0,Agency,-15,1
C0634,1,Justin,Ward,1980-11-17,M,USA,Washington,1,4,1,Website,46,0
C0635,1,Kimberly,King,1960-06-14,F,UK,Scotland,1,5,0,Website,66,2
C0636,1,Kathleen,Rogers,1980-11-10,F,France,Brittany,0,5,0,Website,46,0
C0637,1,Catherine,Stone,1967-08-14,F,USA,California,0,2,0,Website,59,2
C0638,1,Jason,King,2075-02-04,M,USA,Ohio,0,5,1,Website,-49,3
C0639,1,Mark,Campbell,2061-03-03,M,UK,Scotland,0,3,1,Website,-35,3
C0640,1,Emily,Thompson,2067-03-01,F,USA,Utah,0,3,0,Agency,-41,3
C0641,0,Zynex,Co,1994-02-26,M,USA,Arizona,0,2,0,Agency,32,0
C0642,1,Julia,Reyes,1967-11-21,F,USA,California,0,4,0,Website,59,2
C0643,1,Samantha,Richardson,2074-05-05,F,USA,California,0,5,0,Website,-48,3
C0644,1,Teresa,Johnson,1956-08-25,F,USA,California,0,4,1,Agency,70,2
C0645,1,Arthur,Cox,1988-07-18,M,USA,Nevada,0,2,0,Client,38,0
C0646,1,Cynthia,Campbell,1995-07-21,F,USA,Arizona,1,5,0,Agency,31,0
C0647,1,Victoria,Green,2046-02-06,F,USA,California,0,4,0,Agency,-20,1
C0648,1,Stephanie,Reed,1999-03-02,F,USA,California,0,1,1,Website,27,0
C0649,1,Patricia,Mitchell,1995-03-01,F,USA,California,0,4,0,Agency,31,0
C0650,0,Polaris,Co,1976-02-19,M,France,Occitanie,0,3,1,Client,50,0
C0651,0,Horizon,Co,1993-01-14,M,USA,Washington,0,1,0,Agency,33,0
C0652,1,Heather,Johnson,1993-12-08,F,USA,Washington,0,2,0,Website,33,0
C0653,1,Gerald,Adams,1970-07-22,M,USA,Ohio,0,2,0,Client,56,2
C0654,1,Eric,Griffin,2060-05-07,M,USA,New York,0,2,1,Website,-34,3
C0655,1,Patricia,King,1950-05-19,F,USA,Nevada,0,1,1,Agency,76,2
C0656,1,Amber,Allen,1977-02-08,F,USA,Colorado,0,5,0,Client,49,0
C0657,1,Alexander,Allen,1956-09-26,M,USA,California,0,2,0,Agency,70,2
C0658,1,Kelly,Green,1999-12-13,F,USA,Virginia,0,3,1,Agency,27,0
C0659,1,Sara,Foster,1988-10-06,F,USA,California,0,4,1,Agency,38,0
C0660,1,Charles,Kim,1991-08-10,M,USA,Arizona,0,4,1,Client,35,0
C0661,1,Deborah,Williams,1961-06-25,F,Canada,Manitoba,0,3,0,Website,65,2
C0662,1,Stephanie,Kim,1957-08-25,F,USA,California,1,3,0,Website,69,2
C0663,1,Anthony,Flores,2058-02-02,M,USA,California,0,2,1,Agency,-32,3
C0664,1,Lawrence,Wood,1958-08-17,M,Canada,Alberta,1,5,1,Website,68,2
C0665,1,Robert,Adams,1959-08-27,M,USA,Colorado,1,1,0,Agency,67,2
C0666,1,Maria,Davis,2048-10-09,F,USA,California,1,1,0,Website,-22,1
C0667,1,Anthony,Mitchell,2066-07-07,M,USA,Arizona,1,2,0,Agency,-40,3
C0668,1,Margaret,Peterson,1978-11-15,F,France,Ile-de-France,1,4,1,Website,48,0
C0669,1,Cheryl,Bell,1958-03-18,F,Canada,British Columbia,0,3,0,Agency,68,2
C0670,0,Altira,Co,1976-06-18,M,USA,Nevada,1,4,0,Website,50,0
C0671,1,Jerry,Pierce,2041-12-09,M,USA,Colorado,0,4,1,Client,-15,1
C0672,1,Amber,Williams,2067-03-10,F,USA,California,0,2,0,Website,-41,3
C0673,1,Janice,Hayes,1965-10-19,F,USA,California,0,4,0,Website,61,2
C0674,1,Judy,Turner,1986-05-26,F,USA,California,1,4,0,Website,40,0
C0675,1,Andrea,Wright,1969-12-23,F,USA,Texas,0,5,0,Website,57,2
C0676,1,Lisa,Davis,2042-06-12,F,USA,Nevada,0,2,0,Agency,-16,1
C0677,1,Jerry,Miller,1981-09-02,M,USA,Arizona,1,2,0,Agency,45,0
C0678,1,Joseph,Watson,1972-10-19,M,USA,California,0,4,1,Website,54,0
C0679,1,Lisa,Patterson,2064-12-02,F,USA,Nevada,0,1,0,Agency,-38,3
C0680,1,Andrew,Griffin,1965-04-16,M,USA,Utah,1,2,0,Agency,61,2
C0681,0,Helios,Co,1977-04-25,F,USA,California,0,3,0,Agency,49,0
C0682,1,Donald,Bennett,2073-06-12,M,USA,California,0,5,0,Website,-47,3
C0683,1,Patrick,Jordan,1948-08-20,M,USA,Colorado,0,2,1,Agency,78,2
C0684,1,Donald,Miller,1985-10-05,M,USA,California,0,1,0,Agency,41,0
C0685,1,Sharon,Hansen,1987-04-18,F,USA,Washington,0,5,0,Agency,39,0
C0686,1,Michael,Howard,1963-11-17,M,USA,California,0,1,1,Website,63,2
C0687,1,Susan,Long,2059-01-03,F,USA,Utah,0,3,1,Website,-33,3
C0688,1,Kathleen,Howard,2068-12-04,F,USA,Colorado,1,5,1,Website,-42,3
C0689,1,Ann,Williams,1998-04-17,F,USA,California,0,4,0,Website,28,0
C0690,1,Janet,Stewart,1985-09-09,F,USA,Oregon,0,4,1,Agency,41,0
C0691,1,Kenneth,Bell,1943-07-22,M,USA,California,1,4,0,Agency,83,2
C0692,1,Adam,Roberts,1964-03-14,M,USA,Georgia,1,3,0,Agency,62,2
C0693,1,Jesse,Chavez,1957-04-28,M,USA,California,1,5,1,Agency,69,2
C0694,0,Sterling,Co,1989-07-13,M,UK,Scotland,1,2,0,Website,37,0
C0695,1,Timothy,Rogers,1947-03-24,M,USA,Washington,0,4,0,Website,79,2
C0696,1,Carol,Green,1994-03-06,F,USA,Washington,1,5,1,Agency,32,0
C0697,1,Bryan,Mitchell,1986-11-01,M,USA,California,1,4,1,Agency,40,0
C0698,1,Maria,Scott,1946-07-16,F,USA,California,0,2,1,Website,80,2
C0699,1,Stephen,Bennett,1986-12-22,M,USA,Washington,0,1,1,Agency,40,0
C0700,1,Christine,Sanders,1944-04-14,F,USA,Washington,0,5,0,Website,82,2
C0701,1,Danielle,Peterson,1962-09-17,F,UK,England,1,1,0,Website,64,2
C0702,1,Nicholas,Flores,1966-07-24,M,USA,Arizona,0,5,0,Agency,60,2
C0703,0,Elara,Co,1984-05-15,M,USA,Colorado,0,3,0,Website,42,0
C0704,1,Nicole,Jordan,1942-01-23,F,USA,Georgia,0,4,0,Agency,84,2
C0705,1,Timothy,Murray,1940-12-18,M,USA,Nevada,0,3,0,Website,86,2
C0706,1,Kyle,Thomas,1984-06-23,M,UK,England,1,2,0,Client,42,0
C0707,1,Zachary,Richardson,1995-09-23,M,USA,Virginia,0,5,1,Website,31,0
C0708,1,Brian,Cook,1964-11-28,M,USA,California,0,2,0,Client,62,2
C0709,1,Samantha,Price,1982-11-06,F,USA,Georgia,0,2,1,Agency,44,0
C0710,1,Kyle,Bryant,1946-08-18,M,USA,Oregon,0,2,1,Agency,80,2
C0711,1,Victoria,Hughes,1995-10-20,F,USA,California,1,3,0,Agency,31,0
C0712,1,Joseph,Scott,1991-01-21,M,USA,California,0,1,0,Agency,35,0
C0713,1,Debra,Thomas,1997-02-14,F,USA,California,1,3,0,Agency,29,0
C0714,1,Kyle,Murray,1977-01-03,M,Russia,Saint Petersburg,0,3,0,Website,49,0
C0715,1,Janice,Wilson,1982-08-05,F,USA,Utah,0,3,0,Website,44,0
C0716,1,Jordan,Davis,1994-10-24,M,UK,Northern Ireland,0,1,0,Client,32,0
C0717,1,Virginia,Weaver,2046-06-09,F,USA,Arizona,1,3,1,Agency,-20,1
C0718,1,Martha,Scott,2044-10-08,F,France,Ile-de-France,0,2,1,Website,-18,1
C0719,1,Jason,Jordan,2074-07-02,M,USA,California,1,2,1,Agency,-48,3
C0720,1,Shirley,Wilson,1981-05-17,F,USA,California,1,1,1,Agency,45,0
C0721,1,Julia,Jordan,1999-03-07,F,USA,Florida,0,4,0,Website,27,0
C0722,1,Carol,Sanders,2043-09-11,F,USA,Texas,0,1,0,Website,-17,1
C0723,1,Ann,Hansen,1999-04-19,F,Germany,North Rhine-Westphalia,0,3,1,Website,27,0
C0724,1,Samuel,Howard,1960-09-27,M,USA,Arizona,1,4,1,Agency,66,2
C0725,1,Katherine,Jones,1983-07-03,F,USA,New York,0,3,0,Website,43,0
C0726,1,Melissa,Harris,1977-01-25,F,USA,Georgia,0,4,0,Website,49,0
C0727,1,Ronald,Bell,1941-08-24,M,USA,California,1,3,1,Client,85,2
C0728,1,Jason,Jones,1971-07-23,M,USA,California,0,3,1,Agency,55,0
C0729,1,Raymond,Long,2044-01-04,M,USA,Washington,1,3,1,Agency,-18,1
C0730,1,Gregory,Baker,1988-05-09,M,USA,California,1,4,0,Website,38,0
C0731,1,Larry,Harris,2000-10-18,M,USA,California,0,5,0,Agency,26,0
C0732,1,Justin,Peterson,1985-03-03,M,USA,Oregon,0,5,0,Website,41,0
C0733,1,Susan,White,1976-01-03,F,USA,Nevada,0,5,0,Agency,50,0
C0734,1,Danielle,Ward,1981-06-27,F,USA,Virginia,1,5,1,Client,45,0
C0735,1,Matthew,Long,1994-08-10,M,Germany,Hesse,1,4,0,Website,32,0
C0736,1,Jordan,Campbell,1942-06-13,M,USA,Utah,1,3,0,Agency,84,2
C0737,1,Harold,Harris,1978-08-15,M,USA,California,1,3,0,Agency,48,0
C0738,1,Jose,White,1980-09-21,M,USA,Texas,0,5,0,Website,46,0
C0739,1,Albert,Turner,1965-03-16,M,USA,California,0,2,0,Agency,61,2
C0740,1,Julia,Bell,2066-12-08,F,USA,Utah,1,1,0,Client,-40,3
C0741,1,Sandra,Stone,2062-08-11,F,USA,California,0,2,0,Website,-36,3
C0742,1,Bryan,Howard,1980-08-21,M,UK,Wales,0,1,1,Website,46,0
C0743,1,Joshua,Allen,2072-09-10,M,USA,Oregon,1,4,1,Website,-46,3
C0744,1,Helen,Morales,2050-11-10,F,USA,Virginia,0,1,0,Website,-24,1
C0745,1,Emily,Collins,1997-06-18,F,USA,California,1,5,0,Website,29,0
C0746,1,Gary,Reyes,1956-10-13,M,UK,Scotland,0,4,0,Website,70,2
C0747,1,George,Patterson,1992-04-18,M,USA,Florida,0,4,1,Website,34,0
C0748,0,Vantage,Co,2074-03-05,F,USA,California,0,1,1,Client,-48,3
C0749,1,Dorothy,Anderson,1992-11-26,F,USA,New York,0,5,0,Agency,34,0
C0750,1,Janice,Price,1976-06-08,F,USA,Nevada,1,1,0,Agency,50,0
C0751,1,Keith,Parker,1974-09-19,M,USA,California,0,5,0,Client,52,0
C0752,1,Lisa,Young,1954-12-17,F,Belgium,Brussels,1,3,0,Agency,72,2
C0753,1,Nicholas,Patterson,1960-12-22,M,Germany,Hamburg,0,5,0,Website,66,2
C0754,1,Teresa,Johnson,1970-08-17,F,USA,Arizona,1,3,0,Website,56,2
C0755,0,Celera,Co,1967-12-23,F,USA,California,0,5,0,Website,59,2
C0756,1,Jessica,Patterson,1963-03-19,F,USA,Utah,0,5,1,Website,63,2
C0757,1,Keith,Taylor,2046-05-09,M,USA,Oregon,0,3,1,Website,-20,1
C0758,1,Joe,Allen,2058-08-12,M,USA,California,1,2,0,Website,-32,3
C0759,1,Samuel,Anderson,1991-10-27,M,USA,Florida,0,4,0,Website,35,0
C0760,1,Amanda,Adams,1964-12-27,F,USA,California,1,3,0,Website,62,2
C0761,1,Joyce,Patterson,1981-08-24,F,Belgium,Flanders,0,2,0,Agency,45,0
C0762,1,Anna,Young,2067-07-01,F,USA,Ohio,0,4,0,Website,-41,3
C0763,0,Summit,Co,1971-07-18,F,USA,Georgia,0,3,0,Agency,55,0
C0764,1,Debra,Parker,1983-02-09,F,UK,Northern Ireland,1,4,0,Client,43,0
C0765,1,Joe,Green,1967-06-22,M,France,Brittany,0,3,0,Website,59,2
C0766,1,Robert,Bennett,1994-09-04,M,Germany,North Rhine-Westphalia,0,3,1,Client,32,0
C0767,1,David,Brown,2061-02-02,M,Canada,British Columbia,1,2,0,Agency,-35,3
C0768,1,Matthew,Weaver,1992-07-22,M,Denmark,Southern Denmark,1,5,1,Website,34,0
C0769,1,Nicole,Long,1958-02-21,F,USA,Ohio,0,4,0,Agency,68,2
C0770,1,Shirley,Hall,2051-02-09,F,Russia,Krasnodar Krai,0,4,0,Website,-25,1
C0771,0,Quasar,Co,1984-06-09,M,USA,California,0,1,0,Website,42,0
C0772,1,Ethan,White,1991-09-25,M,USA,California,1,1,0,Client,35,0
C0773,1,Christopher,Taylor,2064-12-09,M,Russia,Saint Petersburg,0,1,0,Website,-38,3
C0774,1,David,Wood,1983-03-23,M,USA,Georgia,0,5,1,Agency,43,0
C0775,1,Andrea,Reyes,1975-12-25,F,USA,Arizona,0,1,0,Agency,51,0
C0776,1,Ashley,Morales,2066-06-11,F,Germany,Bavaria,0,4,1,Agency,-40,3
C0777,0,Meridian,Co,1982-05-15,M,USA,Arizona,0,1,0,Client,44,0
C0778,1,George,Pierce,1998-07-22,M,USA,California,1,4,1,Agency,28,0
C0779,1,Lisa,Hughes,2053-04-05,F,USA,California,0,5,1,Agency,-27,1
C0780,1,Martha,Hansen,2047-08-01,F,USA,California,0,3,0,Website,-21,1
C0781,1,Gerald,Sanders,1940-11-28,M,USA,California,1,5,1,Website,86,2
C0782,1,Ethan,Williams,2070-10-02,M,USA,Utah,1,2,1,Website,-44,3
C0783,1,Betty,Sanders,1961-03-27,F,Canada,Alberta,0,1,1,Agency,65,2
C0784,1,Charles,Baker,1973-06-26,M,Mexico,Baja California,1,4,0,Website,53,0
C0785,0,Rexon,Co,1971-03-27,F,USA,California,0,2,0,Website,55,0
C0786,1,Sarah,Martin,1983-03-25,F,USA,California,1,3,0,Website,43,0
C0787,1,Andrew,Jackson,1950-11-20,M,USA,Washington,0,1,0,Website,76,2
C0788,1,Matthew,Stone,1944-05-14,M,France,Brittany,1,4,0,Website,82,2
C0789,1,Madison,Price,2074-04-06,F,Canada,Ontario,1,1,0,Website,-48,3
C0790,1,Brandon,Cooper,1974-01-18,M,USA,California,0,5,1,Agency,52,0
C0791,1,Walter,Adams,1983-01-07,M,USA,Texas,0,4,0,Website,43,0
C0792,1,Joseph,Richardson,1982-04-14,M,USA,California,1,4,1,Website,44,0
C0793,1,Kevin,Brown,2069-09-04,M,USA,New York,0,4,0,Agency,-43,3
C0794,1,Gregory,Mitchell,2051-02-11,M,USA,California,0,4,1,Website,-25,1
C0795,1,Harold,Murray,1969-01-14,M,USA,California,1,4,1,Website,57,2
C0796,1,Stephanie,Ward,1983-04-11,F,USA,California,1,5,1,Website,43,0
C0797,1,Joan,Gray,1990-06-08,F,USA,Oregon,0,5,1,Agency,36,0
C0798,0,Novex,Co,1965-10-21,M,USA,Nevada,0,4,1,Agency,61,2
C0799,1,Pamela,Johnson,1954-07-24,F,USA,California,0,4,0,Website,72,2
C0800,1,Lawrence,Smith,2074-01-02,M,USA,Virginia,1,5,1,Website,-48,3
C0801,1,Betty,Price,2069-04-03,F,USA,Washington,0,4,1,Website,-43,3
C0802,1,Matthew,Williams,2070-11-10,M,USA,Virginia,0,5,0,Agency,-44,3
C0803,1,Evelyn,Moore,1945-12-13,F,USA,Texas,0,4,0,Agency,81,2
C0804,1,Tyler,Cook,2067-01-10,M,USA,Washington,0,5,0,Agency,-41,3
C0805,1,Albert,Cook,1953-01-17,M,Germany,Berlin,0,1,1,Website,73,2
C0806,1,Jack,Richardson,1989-11-18,M,France,Ile-de-France,0,5,0,Client,37,0
C0807,1,Amy,Chavez,1993-11-16,F,Mexico,Mexico City,1,5,0,Website,33,0
C0808,1,Gregory,Ward,1943-05-17,M,Germany,Berlin,0,3,1,Website,83,2
C0809,1,Hannah,Alexander,1967-02-16,F,France,Occitanie,0,5,1,Agency,59,2
C0810,1,Ronald,Sanders,1995-02-13,M,USA,California,0,1,1,Website,31,0
C0811,1,Carl,Allen,1945-04-17,M,UK,Wales,0,3,0,Agency,81,2
C0812,1,Harold,Cooper,1974-08-24,M,UK,Northern Ireland,0,3,1,Website,52,0
C0813,1,Gerald,Cook,2074-10-11,M,UK,Scotland,1,3,0,Agency,-48,3
C0814,1,Joan,Stewart,1964-03-26,F,USA,California,0,2,0,Website,62,2
C0815,0,Horizon,Co,2065-11-06,F,USA,Nevada,0,4,1,Agency,-39,3
C0816,1,Deborah,Wright,1947-12-23,F,Germany,Hamburg,0,2,1,Website,79,2
C0817,1,Grace,Thompson,2072-05-12,F,USA,California,1,1,0,Website,-46,3
C0818,0,Sterling,Co,1991-09-08,F,USA,Colorado,0,2,0,Website,35,0
C0819,1,Jose,Bryant,1951-03-15,M,USA,California,0,5,0,Website,75,2
C0820,1,Judith,Collins,1940-10-22,F,USA,Texas,1,4,0,Agency,86,2
C0821,1,Elizabeth,Moore,2057-09-04,F,USA,California,0,5,1,Agency,-31,1
C0822,1,Jessica,Weaver,1959-04-19,F,USA,California,1,3,1,Website,67,2
C0823,1,Nancy,Hayes,1975-04-16,F,USA,Oregon,1,5,1,Agency,51,0
C0824,1,Douglas,Cox,1976-06-01,M,USA,California,0,3,0,Agency,50,0
C0825,1,Ruth,Hughes,1982-03-26,F,Mexico,Nuevo Leon,0,4,1,Agency,44,0
C0826,1,Jason,Stewart,2070-09-11,M,USA,Ohio,1,4,1,Website,-44,3
C0827,1,Ruth,Wright,1965-08-23,F,USA,Washington,0,2,1,Website,61,2
C0828,1,Elizabeth,Stewart,2047-10-10,F,USA,Arizona,1,4,1,Website,-21,1
C0829,1,Jonathan,Stewart,1960-11-16,M,USA,Utah,1,3,0,Website,66,2
C0830,1,William,Martin,1952-05-16,M,USA,Oregon,1,3,0,Agency,74,2
C0831,1,Judith,Martin,1977-09-24,F,USA,California,0,2,0,Website,49,0
C0832,1,Dorothy,Ward,1990-01-09,F,USA,Nevada,1,3,1,Website,36,0
C0833,1,Roger,Green,2051-11-06,M,Denmark,Southern Denmark,0,5,0,Website,-25,1
C0834,1,Helen,Parker,1957-12-23,F,USA,California,0,5,0,Website,69,2
C0835,1,Maria,Foster,2074-06-06,F,USA,California,0,5,1,Website,-48,3
C0836,1,Adam,Sanders,2042-02-04,M,USA,Ohio,0,4,0,Website,-16,1
C0837,1,Peter,Montgomery,2067-06-06,M,France,Brittany,0,1,0,Website,-41,3
C0838,1,Jacob,Morris,1992-04-05,M,USA,Nevada,1,1,1,Website,34,0
C0839,1,Elizabeth,Baker,1994-01-26,F,UK,England,0,5,1,Agency,32,0
C0840,1,Elizabeth,Wilson,1981-11-01,F,Belgium,Brussels,0,1,0,Website,45,0
C0841,1,Timothy,Cooper,1999-02-05,M,Belgium,Wallonia,0,5,0,Website,27,0
C0842,1,Keith,Morales,1996-02-27,M,USA,Washington,0,5,1,Client,30,0
C0843,1,Amanda,Hansen,2000-12-04,F,USA,Georgia,0,4,0,Agency,26,0
C0844,1,Margaret,Scott,1947-06-13,F,USA,California,0,2,0,Website,79,2
C0845,1,Ashley,Long,1993-09-05,F,USA,Washington,0,3,0,Client,33,0
C0846,1,Martha,Harris,1976-05-15,F,Canada,Quebec,1,3,0,Agency,50,0
C0847,1,Nicole,James,1988-02-27,F,USA,Utah,0,2,1,Agency,38,0
C0848,1,Aaron,Hughes,1967-11-22,M,USA,California,0,4,0,Agency,59,2
C0849,1,Brian,Wilson,1977-04-11,M,USA,Oregon,0,1,1,Website,49,0
C0850,1,Judy,Stone,1983-11-13,F,USA,Colorado,1,5,0,Agency,43,0
C0851,1,Kyle,White,1993-05-16,M,USA,California,1,2,1,Website,33,0
C0852,1,Carl,Brown,1989-07-20,M,Germany,North Rhine-Westphalia,0,2,0,Agency,37,0
C0853,1,Gerald,Bryant,2050-08-07,M,USA,Utah,0,4,0,Website,-24,1
C0854,1,David,Reyes,1944-02-13,M,USA,California,0,4,0,Website,82,2
C0855,1,Amanda,Foster,2073-03-10,F,Australia,Queensland,0,4,0,Website,-47,3
C0856,1,Janice,Chavez,1964-08-16,F,USA,Florida,0,5,1,Website,62,2
C0857,1,Danielle,Ward,2051-05-11,F,USA,California,1,1,1,Website,-25,1
C0858,1,Samuel,Howard,1994-07-12,M,USA,Nevada,0,1,0,Website,32,0
C0859,1,Megan,Anderson,2042-12-03,F,USA,California,0,2,1,Agency,-16,1
C0860,1,Virginia,Morales,2068-07-09,F,USA,Utah,0,5,1,Website,-42,3
C0861,1,Christine,Peterson,1994-08-04,F,France,Brittany,1,2,0,Agency,32,0
C0862,1,Amanda,Jordan,1981-06-14,F,USA,Colorado,1,1,0,Website,45,0
C0863,1,Brandon,Peterson,1975-04-20,M,Belgium,Wallonia,0,5,1,Agency,51,0
C0864,1,Noah,Kim,2070-07-07,M,USA,Texas,0,3,0,Website,-44,3
C0865,1,Rebecca,Gray,1975-05-20,F,USA,Colorado,1,5,1,Website,51,0
C0866,1,Lawrence,Bryant,1987-11-27,M,Belgium,Brussels,0,3,0,Agency,39,0
C0867,1,Julia,Davis,2067-04-12,F,USA,California,0,2,0,Agency,-41,3
C0868,1,Victoria,Rogers,1945-02-21,F,USA,Florida,0,3,1,Agency,81,2
C0869,1,Jose,Roberts,1993-03-07,M,USA,California,0,4,0,Agency,33,0
C0870,0,Harmon,Co,2066-09-01,F,UK,Northern Ireland,0,2,1,Website,-40,3
C0871,1,Pamela,Pierce,1989-11-28,F,USA,Virginia,0,1,1,Website,37,0
C0872,1,Sarah,Bennett,1943-06-22,F,UK,England,0,4,0,Website,83,2
C0873,1,Gerald,Murray,2040-09-09,M,USA,New York,0,2,0,Website,-14,1
C0874,1,Debra,Murray,1953-07-26,F,Belgium,Flanders,1,2,0,Website,73,2
C0875,1,Jeffrey,Evans,2072-07-09,M,Canada,Manitoba,0,4,0,Website,-46,3
C0876,1,Benjamin,Chavez,1973-08-22,M,USA,California,0,3,0,Client,53,0
C0877,1,Jennifer,Weaver,1998-12-22,F,USA,Utah,1,2,1,Agency,28,0
C0878,1,Ashley,Hansen,1945-04-28,F,USA,Nevada,0,4,1,Website,81,2
C0879,1,Brandon,Adams,1945-03-15,M,UK,Northern Ireland,0,4,1,Website,81,2
C0880,1,Judith,Bennett,1941-06-23,F,USA,New York,0,2,0,Website,85,2
C0881,1,Ruth,Weaver,1954-09-24,F,USA,Colorado,1,1,0,Website,72,2
C0882,1,Peter,Moore,2000-07-07,M,UK,Wales,0,3,0,Website,26,0
C0883,1,Gerald,Thompson,1946-10-22,M,USA,Texas,0,4,0,Client,80,2
C0884,1,Joe,Reed,2049-05-07,M,USA,Nevada,0,2,0,Website,-23,1
C0885,1,Michael,Williams,1941-09-21,M,Canada,British Columbia,1,2,1,Agency,85,2
C0886,1,Joseph,Brooks,1961-07-20,M,USA,California,0,3,1,Agency,65,2
C0887,1,Joan,Bryant,1993-04-23,F,USA,California,0,3,0,Agency,33,0
C0888,1,Sharon,Montgomery,1987-05-24,F,Germany,Berlin,0,4,1,Website,39,0
C0889,1,Scott,Campbell,1985-10-15,M,USA,Nevada,1,4,1,Website,41,0
C0890,1,Julie,Nelson,1955-07-23,F,USA,Virginia,1,3,1,Website,71,2
C0891,1,Raymond,Roberts,1970-06-20,M,Germany,North Rhine-Westphalia,1,1,1,Website,56,2
C0892,1,Helen,Watson,2058-06-05,F,USA,California,1,2,1,Website,-32,3
C0893,1,Evelyn,Thompson,1995-06-23,F,USA,Colorado,0,3,1,Website,31,0
C0894,1,Carl,Evans,1953-06-14,M,USA,Georgia,0,5,0,Website,73,2
C0895,1,Amanda,Rogers,1953-08-25,F,USA,Arizona,1,4,1,Website,73,2
C0896,1,Timothy,Jones,2070-05-06,M,France,Brittany,0,4,1,Agency,-44,3
C0897,1,Ann,Foster,2071-08-04,F,Australia,Victoria,0,1,0,Website,-45,3
C0898,1,Deborah,King,1953-09-27,F,USA,Arizona,1,5,1,Agency,73,2
C0899,0,Apex,Co,1988-06-26,F,USA,Washington,1,2,0,Website,38,0
C0900,1,Betty,Cook,1999-05-22,F,Germany,North Rhine-Westphalia,0,4,0,Agency,27,0
C0901,1,Gregory,Allen,1999-02-15,M,France,Brittany,1,4,0,Agency,27,0
C0902,0,Peerex,Co,2064-02-11,F,UK,Northern Ireland,0,3,1,Agency,-38,3
C0903,1,Christine,Morales,1992-04-28,F,USA,Texas,1,3,0,Website,34,0
C0904,1,Nancy,Brooks,1984-03-08,F,Russia,Saint Petersburg,0,1,1,Website,42,0
C0905,1,Emma,Allen,1993-05-16,F,USA,Virginia,0,5,1,Website,33,0
C0906,1,Jacqueline,Baker,1969-08-13,F,USA,California,1,5,0,Website,57,2
C0907,1,Danielle,Scott,1973-11-14,F,USA,California,0,3,0,Agency,53,0
C0908,1,Carl,Kim,1960-11-17,M,USA,California,0,4,1,Agency,66,2
C0909,1,Brandon,Turner,2067-07-10,M,USA,California,1,1,1,Agency,-41,3
C0910,1,Victoria,Jackson,1971-11-24,F,USA,Texas,0,3,1,Agency,55,0
C0911,1,Donald,Long,1989-03-27,M,USA,California,0,4,0,Website,37,0
C0912,1,Christina,Freeman,2049-05-11,F,USA,California,0,1,0,Agency,-23,1
C0913,1,Nathan,Hansen,1999-01-13,M,USA,California,0,4,0,Agency,27,0
C0914,1,Helen,Freeman,2048-10-12,F,France,Provence,1,4,0,Website,-22,1
C0915,1,Ronald,Harris,1948-01-23,M,USA,Florida,0,2,0,Agency,78,2
C0916,1,Nathan,Hansen,1988-02-10,M,Russia,Moscow Oblast,0,2,0,Website,38,0
C0917,1,Kenneth,Hughes,2069-08-01,M,USA,Arizona,0,2,1,Agency,-43,3
C0918,1,Susan,Cook,2000-02-21,F,Australia,Western Australia,0,4,0,Client,26,0
C0919,1,Barbara,Foster,1975-08-17,F,Canada,Quebec,1,5,0,Agency,51,0
C0920,1,Christian,Williams,2073-10-11,M,USA,California,0,4,0,Website,-47,3
C0921,1,Christina,Reyes,1999-03-10,F,Australia,New South Wales,0,4,0,Agency,27,0
C0922,1,Joe,Bell,1942-10-28,M,Australia,Victoria,1,4,1,Website,84,2
C0923,1,Ruth,Richardson,1950-08-26,F,USA,Oregon,0,3,0,Client,76,2
C0924,1,Emily,Wright,1988-03-20,F,USA,California,0,4,0,Website,38,0
C0925,1,Michael,Ward,2044-05-12,M,Germany,Hamburg,0,2,0,Website,-18,1
C0926,1,Lauren,Harris,2061-04-04,F,USA,California,0,3,0,Website,-35,3
C0927,1,Carol,Hayes,2062-11-04,F,France,Ile-de-France,0,4,0,Client,-36,3
C0928,1,Jordan,Jordan,1950-02-27,M,USA,California,0,1,1,Agency,76,2
C0929,1,Jack,Hall,1954-05-23,M,USA,Washington,0,4,0,Website,72,2
C0930,1,Debra,Moore,1993-04-15,F,USA,Washington,1,1,1,Agency,33,0
C0931,1,Daniel,Parker,1977-12-25,M,USA,Nevada,1,2,1,Client,49,0
C0932,1,Kathleen,Moore,1949-07-14,F,USA,New York,0,5,0,Website,77,2
C0933,1,Kimberly,Johnson,2055-09-03,F,USA,California,0,4,0,Website,-29,1
C0934,1,Barbara,Allen,2043-10-02,F,UK,Northern Ireland,1,5,1,Website,-17,1
C0935,1,Katherine,Cooper,2000-05-17,F,Canada,Manitoba,0,4,0,Agency,26,0
C0936,1,Carolyn,Brooks,2051-04-10,F,USA,California,0,3,0,Client,-25,1
C0937,1,Gerald,Chavez,1982-04-03,M,USA,Arizona,0,5,0,Client,44,0
C0938,1,William,Chavez,2063-05-08,M,Russia,Krasnodar Krai,0,4,0,Website,-37,3
C0939,1,Anna,Alexander,1978-02-02,F,Belgium,Brussels,1,1,0,Website,48,0
C0940,1,Kyle,Bell,1985-12-19,M,USA,Virginia,1,5,0,Website,41,0
C0941,1,Grace,Moore,1955-07-17,F,Mexico,Jalisco,0,1,0,Agency,71,2
C0942,1,Joan,Jackson,1991-12-14,F,USA,California,0,1,0,Website,35,0
C0943,1,Karen,Cox,1957-09-13,F,Canada,Manitoba,1,5,0,Website,69,2
C0944,1,Virginia,Hughes,1956-08-24,F,USA,Florida,0,2,0,Website,70,2
C0945,1,Emily,Hayes,2045-09-04,F,France,Provence,0,4,0,Website,-19,1
C0946,1,Ashley,Weaver,2046-07-04,F,USA,Nevada,1,3,1,Agency,-20,1
C0947,1,Samantha,Cox,1981-05-16,F,USA,Texas,0,2,0,Website,45,0
C0948,1,Emma,Nelson,1989-12-16,F,USA,California,1,3,1,Website,37,0
C0949,1,Julia,Price,1943-06-26,F,USA,Colorado,1,5,1,Client,83,2
C0950,1,Christina,Price,1991-12-11,F,USA,Texas,1,5,0,Website,35,0
C0951,1,Rachel,Chavez,1998-11-15,F,Mexico,Nuevo Leon,0,1,1,Client,28,0
C0952,1,Ann,Martin,2059-09-03,F,USA,Oregon,0,5,0,Website,-33,3
C0953,0,Helios,Co,1995-10-22,M,USA,Washington,0,5,1,Website,31,0
C0954,1,Michael,Evans,2050-04-08,M,France,Brittany,1,4,1,Agency,-24,1
C0955,1,Megan,Garcia,2069-01-11,F,USA,California,0,1,0,Website,-43,3
C0956,1,Donald,Jackson,2066-03-10,M,USA,California,0,1,1,Website,-40,3
C0957,0,Crestwood,Co,1961-05-21,M,USA,Oregon,0,2,1,Client,65,2
C0958,1,Betty,Rogers,1991-07-11,F,USA,Nevada,0,1,1,Website,35,0
C0959,1,Carl,Hayes,1952-09-13,M,USA,California,0,3,0,Agency,74,2
C0960,1,Linda,Bennett,2060-04-01,F,USA,Arizona,1,1,1,Client,-34,3
C0961,1,Brandon,Morales,2074-08-03,M,UK,Wales,0,2,1,Website,-48,3
C0962,1,Nicholas,Hansen,1940-07-18,M,USA,California,0,4,0,Website,86,2
C0963,1,James,Davis,2041-08-09,M,Canada,Alberta,0,4,0,Agency,-15,1
C0964,1,Elizabeth,Hall,1953-09-19,F,USA,California,0,4,0,Website,73,2
C0965,1,Lauren,Adams,1961-09-26,F,USA,New York,1,3,0,Website,65,2
C0966,0,Corvus,Co,1995-10-11,M,USA,California,1,3,0,Website,31,0
C0967,1,Jennifer,Moore,1959-01-20,F,USA,California,0,2,0,Agency,67,2
C0968,1,Julie,Hansen,1995-11-21,F,USA,Arizona,0,4,0,Website,31,0
C0969,1,Amber,Ward,1976-03-27,F,Russia,Tatarstan,1,1,1,Agency,50,0
C0970,1,Peter,Johnson,1986-12-01,M,Denmark,North Denmark,0,3,1,Website,40,0
C0971,1,Cynthia,Mitchell,2069-06-02,F,USA,Colorado,1,5,1,Website,-43,3
C0972,1,Sandra,Evans,1964-09-16,F,USA,Arizona,0,5,0,Agency,62,2
C0973,1,Charles,Stone,1992-12-03,M,USA,California,1,2,0,Client,34,0
C0974,1,Michael,Hansen,1961-05-22,M,USA,New York,0,1,0,Agency,65,2
C0975,1,Gregory,Reyes,2046-07-09,M,USA,Utah,0,4,0,Website,-20,1
C0976,1,Ryan,Miller,1983-07-18,M,USA,California,0,4,1,Website,43,0
C0977,1,Ryan,James,1996-04-07,M,USA,California,0,1,0,Agency,30,0
C0978,1,Lauren,Brown,2063-11-11,F,USA,California,0,4,1,Website,-37,3
C0979,1,Madison,Roberts,1940-02-25,F,Canada,Quebec,1,4,0,Website,86,2
C0980,1,Daniel,Davis,1942-01-13,M,USA,New York,1,1,1,Website,84,2
C0981,1,Jessica,Stewart,1961-11-14,F,USA,California,1,1,0,Website,65,2
C0982,1,Joyce,Jackson,2061-07-08,F,Canada,Manitoba,1,5,1,Agency,-35,3
C0983,1,Brittany,Freeman,1994-06-21,F,Germany,North Rhine-Westphalia,0,4,0,Website,32,0
C0984,1,Mark,Johnson,2062-12-03,M,Canada,British Columbia,0,5,1,Agency,-36,3
C0985,1,Ruth,Griffin,1954-10-15,F,USA,California,0,1,1,Website,72,2
C0986,1,Jacqueline,Ward,1981-10-18,F,Russia,Saint Petersburg,0,2,0,Website,45,0
C0987,1,Maria,Johnson,1967-10-22,F,Germany,North Rhine-Westphalia,0,1,1,Agency,59,2
C0988,1,Douglas,Cooper,1988-04-21,M,USA,Texas,0,3,1,Agency,38,0
C0989,1,Amber,Cook,1946-10-19,F,USA,Oregon,0,4,0,Website,80,2
C0990,1,Carl,Carter,1942-01-21,M,USA,Utah,0,4,0,Website,84,2
C0991,1,Heather,Adams,1975-03-27,F,USA,Nevada,0,1,0,Website,51,0
C0992,1,Scott,Hughes,1988-11-19,M,Denmark,Capital Region,0,1,1,Website,38,0
C0993,1,Ryan,Campbell,2054-03-11,M,USA,California,0,2,1,Website,-28,1
C0994,1,Michael,Moore,1976-11-26,M,USA,California,0,3,0,Website,50,0
C0995,1,Amanda,Kim,1949-10-14,F,Australia,New South Wales,0,1,1,Website,77,2
C0996,1,Terry,Howard,2056-06-11,M,Canada,Manitoba,0,2,1,Client,-30,1
C0997,1,Terry,Collins,2050-03-11,M,USA,California,1,3,1,Agency,-24,1
C0998,0,Grandis,Co,2069-05-06,F,USA,Virginia,0,4,0,Agency,-43,3
C0999,1,Jacqueline,Cox,1969-09-15,F,USA,California,1,3,0,Agency,57,2
C1000,1,Judith,Parker,1963-07-21,F,USA,Utah,0,2,1,Website,63,2
C1001,1,Aaron,Nelson,1981-07-13,M,USA,California,0,3,0,Website,45,0
C1002,1,Scott,Hughes,2067-06-08,M,USA,California,0,5,0,Website,-41,3
C1003,1,Lauren,Bennett,1977-08-11,F,USA,Nevada,0,2,0,Website,49,0
C1004,1,Alexander,Anderson,1982-09-17,M,USA,Oregon,0,3,1,Website,44,0
C1005,1,Barbara,Chavez,1988-06-07,F,Germany,Hamburg,0,3,0,Client,38,0
C1006,1,Stephanie,Weaver,1992-12-24,F,USA,Georgia,0,1,0,Website,34,0
C1007,1,Joyce,Brooks,1948-10-25,F,UK,England,0,4,0,Agency,78,2
C1008,0,Sterling,Co,1987-10-02,M,USA,California,0,2,0,Website,39,0
C1009,1,Evelyn,Bell,2050-02-11,F,USA,Nevada,1,4,1,Agency,-24,1
C1010,1,Dennis,Moore,2064-03-10,M,Mexico,Jalisco,0,4,0,Website,-38,3
C1011,1,Virginia,Brooks,1952-12-18,F,USA,California,1,1,0,Website,74,2
C1012,1,Raymond,Morales,1960-10-20,M,USA,New York,0,4,1,Website,66,2
C1013,1,Stephanie,Patterson,1994-06-19,F,USA,Oregon,0,1,1,Website,32,0
C1014,1,David,Weaver,2069-01-06,M,USA,California,0,3,1,Website,-43,3
C1015,1,Kyle,Davis,1977-09-01,M,USA,California,0,4,1,Website,49,0
C1016,1,Andrea,Wilson,1976-04-05,F,USA,California,0,4,1,Agency,50,0
C1017,1,Megan,Baker,1968-12-22,F,USA,California,0,1,1,Agency,58,2
C1018,1,Tiffany,Turner,1967-06-19,F,USA,Colorado,0,5,1,Client,59,2
C1019,1,Carolyn,Stewart,1975-10-27,F,USA,Nevada,0,2,0,Client,51,0
C1020,1,Deborah,Morales,1994-07-23,F,USA,California,0,3,0,Agency,32,0
C1021,1,Jeffrey,Bryant,2074-09-04,M,USA,California,1,1,0,Client,-48,3
C1022,1,Christina,King,1984-04-17,F,USA,Colorado,0,1,0,Agency,42,0
C1023,1,Heather,Bell,1953-07-28,F,USA,Nevada,0,1,1,Website,73,2
C1024,1,Gregory,Long,2069-08-03,M,USA,Arizona,1,2,0,Agency,-43,3
C1025,1,Michelle,King,1947-01-20,F,USA,California,0,1,0,Client,79,2
C1026,1,Robert,Parker,1991-08-12,M,USA,California,1,1,0,Agency,35,0
C1027,1,Gerald,White,1976-12-10,M,USA,California,1,1,1,Client,50,0
C1028,1,Nicholas,Cox,2042-04-07,M,USA,California,0,1,1,Website,-16,1
C1029,1,Ryan,Jackson,2049-11-06,M,Australia,Victoria,0,1,0,Agency,-23,1
C1030,1,Christine,Owens,1960-04-20,F,USA,Ohio,0,4,0,Website,66,2
C1031,1,Alexander,Reed,1989-01-13,M,UK,England,0,1,0,Website,37,0
C1032,1,Larry,Freeman,1977-01-03,M,USA,Nevada,0,5,0,Website,49,0
C1033,1,Eric,Jackson,1962-06-21,M,France,Ile-de-France,0,2,0,Website,64,2
C1034,1,Andrea,Wilson,1979-01-20,F,USA,Colorado,0,5,0,Client,47,0
C1035,1,Jacob,Williams,2061-02-10,M,USA,Virginia,0,2,0,Website,-35,3
C1036,1,Martha,Collins,1988-03-13,F,USA,Oregon,0,2,0,Agency,38,0
C1037,0,Corvus,Co,2070-01-02,M,Mexico,Baja California,0,2,1,Website,-44,3
C1038,1,Gerald,Gray,1959-05-25,M,USA,California,1,3,0,Website,67,2
C1039,1,Nicholas,Carter,1962-07-17,M,USA,California,0,1,1,Agency,64,2
C1040,1,Joseph,Young,2040-04-05,M,USA,California,1,5,1,Website,-14,1
C1041,1,Evelyn,Morris,1990-12-07,F,USA,Nevada,0,5,1,Website,36,0
C1042,1,Rebecca,Parker,2045-08-03,F,USA,Nevada,0,2,0,Agency,-19,1
C1043,1,Carol,Griffin,1999-07-14,F,USA,Washington,0,5,0,Website,27,0
C1044,1,Eric,Howard,1971-05-15,M,USA,Nevada,1,5,0,Website,55,0
C1045,1,Rebecca,Allen,2042-04-01,F,USA,New York,0,3,0,Website,-16,1
C1046,1,Maria,Wood,1969-05-21,F,Canada,Quebec,0,4,1,Website,57,2
C1047,1,Ronald,Reyes,1984-12-12,M,USA,Virginia,0,3,0,Website,42,0
C1048,1,Angela,Turner,1970-01-27,F,USA,Oregon,1,1,0,Agency,56,2
C1049,1,Tiffany,Sanders,2040-11-05,F,USA,California,1,5,0,Website,-14,1
C1050,1,Tyler,Watson,2055-10-03,M,USA,Georgia,0,4,1,Website,-29,1
C1051,1,Cheryl,Hansen,1958-07-19,F,USA,Virginia,0,1,1,Agency,68,2
C1052,1,Kimberly,Parker,1953-04-24,F,USA,Utah,0,1,1,Agency,73,2
C1053,1,Adam,Kim,2074-11-10,M,Mexico,Nuevo Leon,0,2,1,Website,-48,3
C1054,1,Edward,Foster,1989-09-04,M,USA,Arizona,0,2,1,Website,37,0
C1055,1,Jonathan,Bennett,1972-11-20,M,USA,New York,1,2,1,Website,54,0
C1056,1,Larry,Wilson,1979-01-19,M,USA,Colorado,0,1,1,Website,47,0
C1057,1,Jesse,Garcia,1994-04-17,M,USA,Nevada,1,5,0,Website,32,0
C1058,1,Rachel,Weaver,2073-06-12,F,Germany,Bavaria,0,3,1,Website,-47,3
C1059,1,Danielle,Davis,1978-06-26,F,USA,California,0,4,0,Website,48,0
C1060,1,Christian,Evans,1940-12-25,M,USA,Nevada,0,5,0,Agency,86,2
C1061,1,Stephanie,Smith,2060-06-01,F,UK,Scotland,0,1,0,Website,-34,3
C1062,1,Billy,Foster,1975-12-20,M,USA,California,0,4,0,Agency,51,0
C1063,1,Nicole,Weaver,1988-12-05,F,USA,New York,1,5,1,Website,38,0
C1064,1,Brandon,Pierce,2045-08-06,M,USA,California,0,5,1,Website,-19,1
C1065,1,Mark,Reyes,2055-01-06,M,USA,Georgia,0,3,1,Client,-29,1
C1066,1,Ashley,Moore,1941-09-21,F,Australia,Victoria,0,1,0,Website,85,2
C1067,1,Samuel,Howard,1942-12-24,M,Mexico,Jalisco,1,4,0,Agency,84,2
C1068,1,Kathleen,Carter,1984-02-10,F,USA,California,0,3,0,Agency,42,0
C1069,1,Lawrence,Cox,1992-06-13,M,USA,Virginia,0,3,1,Agency,34,0
C1070,1,Virginia,Rogers,1951-06-26,F,Germany,Bavaria,0,5,0,Agency,75,2
C1071,1,Aaron,Johnson,2066-08-11,M,USA,Texas,0,2,0,Agency,-40,3
C1072,1,Kimberly,Jones,2062-06-10,F,USA,Utah,0,3,0,Agency,-36,3
C1073,1,Carl,Collins,2055-07-02,M,USA,California,1,2,0,Website,-29,1
C1074,1,George,Foster,2054-07-10,M,UK,Northern Ireland,0,1,0,Website,-28,1
C1075,1,Carolyn,Watson,1975-02-17,F,Mexico,Baja California,0,3,0,Website,51,0
C1076,1,Betty,Thompson,1980-10-28,F,USA,Florida,1,3,0,Agency,46,0
C1077,1,Peter,Griffin,1982-03-07,M,USA,Texas,1,2,0,Agency,44,0
C1078,1,Joshua,Howard,1940-07-22,M,USA,Ohio,0,1,0,Agency,86,2
C1079,1,Steven,Hayes,1959-06-19,M,USA,California,1,4,1,Website,67,2
C1080,1,Hannah,Stewart,2056-10-06,F,UK,England,1,4,0,Agency,-30,1
C1081,0,Meridian,Co,2074-09-08,M,Russia,Novosibirsk,0,4,1,Agency,-48,3
C1082,1,Patricia,Martin,1993-02-04,F,USA,Oregon,1,5,1,Website,33,0
C1083,1,Pamela,Jackson,2050-10-06,F,USA,Colorado,1,4,0,Agency,-24,1
C1084,1,Sarah,Hansen,1989-07-27,F,France,Ile-de-France,0,4,0,Agency,37,0
C1085,1,Sarah,Flores,1947-10-18,F,Australia,Queensland,1,1,0,Client,79,2
C1086,1,Timothy,Montgomery,2056-03-01,M,USA,Colorado,0,1,1,Website,-30,1
C1087,1,Matthew,Owens,1984-01-03,M,USA,Colorado,0,3,0,Website,42,0
C1088,1,Nicholas,Stewart,1998-09-26,M,USA,Utah,0,4,1,Agency,28,0
C1089,1,Madison,Ward,1962-09-17,F,USA,Utah,0,1,1,Website,64,2
C1090,1,Laura,Moore,2062-09-07,F,Canada,Alberta,0,3,1,Client,-36,3
C1091,1,Arthur,Phillips,1984-07-21,M,USA,Nevada,0,1,1,Agency,42,0
C1092,1,Terry,Adams,1996-11-24,M,USA,Oregon,1,2,0,Website,30,0
C1093,1,Adam,Allen,1980-07-13,M,USA,Oregon,0,1,1,Website,46,0
C1094,1,Sarah,Cook,2060-02-12,F,USA,Washington,0,2,1,Website,-34,3
C1095,1,Cynthia,Howard,1940-02-26,F,USA,California,0,3,0,Agency,86,2
C1096,1,Grace,Edwards,1965-05-20,F,USA,New York,0,2,0,Client,61,2
C1097,1,Teresa,Pierce,1962-07-16,F,Canada,Alberta,0,3,1,Agency,64,2
C1098,1,Paul,Young,1976-10-24,M,USA,California,1,3,0,Client,50,0
C1099,1,Joan,Scott,1972-06-26,F,USA,Colorado,0,3,0,Agency,54,0
C1100,1,Frank,Thomas,1940-05-14,M,Russia,Novosibirsk,0,1,0,Website,86,2
C1101,1,Matthew,King,2064-01-03,M,Belgium,Flanders,0,5,0,Website,-38,3
C1102,0,Harmon,Co,2060-05-06,M,Germany,Berlin,0,2,0,Agency,-34,3
C1103,1,Jose,Johnson,1961-04-27,M,Belgium,Wallonia,0,4,0,Agency,65,2
C1104,1,Christian,Weaver,1998-10-15,M,USA,Utah,1,5,1,Website,28,0
C1105,1,Roger,Ward,1940-01-14,M,USA,Nevada,0,3,1,Website,86,2
C1106,1,Sean,Martin,1982-05-16,M,USA,California,0,1,0,Agency,44,0
C1107,1,Frank,Hayes,1948-01-15,M,Canada,British Columbia,0,1,0,Website,78,2
C1108,1,Helen,Ward,1994-01-12,F,Australia,South Australia,0,4,0,Website,32,0
C1109,1,Rebecca,Anderson,2067-09-05,F,USA,California,0,1,1,Client,-41,3
C1110,1,Harold,Watson,1977-05-12,M,USA,New York,0,5,1,Website,49,0
C1111,0,Corvus,Co,1967-01-23,M,USA,California,0,4,1,Website,59,2
C1112,1,Donald,Green,1982-01-05,M,USA,Nevada,1,3,1,Website,44,0
C1113,1,Brenda,Martin,1974-08-18,F,USA,Texas,1,2,0,Client,52,0
C1114,1,Cheryl,Wood,1992-02-04,F,USA,California,0,3,0,Website,34,0
C1115,1,Joseph,Bell,1973-10-24,M,USA,Colorado,0,3,1,Agency,53,0
C1116,1,Angela,Freeman,1991-12-17,F,USA,California,0,1,1,Agency,35,0
C1117,1,Rebecca,Patterson,1955-02-23,F,Mexico,Mexico City,0,5,1,Website,71,2
C1118,0,Caldera,Co,1969-04-26,M,UK,Scotland,1,2,1,Website,57,2
C1119,1,Larry,Green,1941-03-14,M,USA,Oregon,0,1,1,Website,85,2
C1120,1,Kathleen,Carter,1979-07-16,F,USA,Arizona,0,1,0,Website,47,0
C1121,1,Carolyn,Gray,1985-06-02,F,USA,California,0,1,0,Client,41,0
C1122,1,Judith,Evans,2042-10-04,F,USA,California,0,4,0,Website,-16,1
C1123,1,Robert,Pierce,2051-03-11,M,USA,Virginia,0,5,0,Agency,-25,1
C1124,1,Sharon,Murray,1976-02-04,F,USA,Oregon,1,5,1,Website,50,0
C1125,1,Ronald,Price,2041-02-03,M,USA,Oregon,0,3,0,Agency,-15,1
C1126,0,Elara,Co,1983-02-16,M,USA,Virginia,0,1,1,Website,43,0
C1127,1,Ann,Cooper,1943-06-15,F,UK,England,1,1,0,Website,83,2
C1128,1,Brian,Montgomery,1983-12-05,M,USA,California,1,1,0,Website,43,0
C1129,1,Martha,Hansen,2045-09-03,F,USA,Colorado,1,5,0,Agency,-19,1
C1130,1,Tiffany,Parker,1987-03-01,F,USA,Arizona,0,5,0,Website,39,0
C1131,1,Cheryl,Kim,1984-05-28,F,USA,California,1,3,0,Website,42,0
C1132,1,Terry,Roberts,1982-01-21,M,USA,New York,0,2,1,Website,44,0
C1133,1,Jason,Hansen,1993-01-21,M,USA,Oregon,1,3,0,Website,33,0
C1134,1,Dorothy,Bennett,2043-10-10,F,USA,California,1,1,0,Website,-17,1
C1135,1,Melissa,Phillips,1999-09-22,F,Russia,Moscow Oblast,1,5,1,Client,27,0
C1136,1,Shirley,Weaver,1965-04-27,F,USA,California,0,3,1,Agency,61,2
C1137,1,Carol,Price,1986-12-24,F,USA,Nevada,0,4,1,Agency,40,0
C1138,1,George,Green,1964-08-24,M,USA,Oregon,0,1,0,Website,62,2
C1139,1,Tiffany,Green,1996-03-03,F,USA,California,0,4,1,Client,30,0
C1140,1,Billy,Jackson,1976-07-01,M,USA,Florida,0,1,1,Website,50,0
C1141,1,Kimberly,Montgomery,2000-01-26,F,USA,Arizona,1,3,0,Website,26,0
C1142,1,Julia,Hughes,2048-03-10,F,USA,Colorado,0,2,1,Agency,-22,1
C1143,1,Michael,Garcia,1994-09-10,M,USA,Arizona,0,2,1,Website,32,0
C1144,1,Diane,Young,1978-11-10,F,USA,Georgia,1,4,0,Client,48,0
C1145,1,Ethan,King,1993-04-04,M,USA,Nevada,0,5,0,Website,33,0
C1146,1,Richard,Weaver,1991-03-14,M,USA,California,1,2,0,Website,35,0
C1147,1,Brittany,Edwards,1978-02-09,F,USA,Utah,0,3,0,Website,48,0
C1148,1,Joshua,Rogers,1991-07-15,M,Australia,New South Wales,0,1,1,Agency,35,0
C1149,1,Kimberly,Thomas,1980-03-06,F,Russia,Tatarstan,0,3,0,Agency,46,0
C1150,1,Tiffany,Cook,1992-11-08,F,USA,Nevada,1,4,0,Agency,34,0
C1151,1,Tyler,Anderson,1963-12-14,M,USA,Arizona,1,2,0,Website,63,2
C1152,1,Jason,Williams,1977-09-16,M,USA,Georgia,0,1,0,Website,49,0
C1153,1,Scott,Sanders,1991-09-14,M,USA,California,0,1,0,Website,35,0
C1154,1,Jerry,Brown,2056-07-12,M,USA,Utah,0,5,1,Agency,-30,1
C1155,1,William,Young,1977-03-03,M,USA,California,0,5,0,Website,49,0
C1156,1,Dorothy,Kim,1956-05-16,F,USA,Virginia,0,4,0,Agency,70,2
C1157,1,Kenneth,Davis,2044-11-02,M,Canada,Alberta,1,2,0,Website,-18,1
C1158,1,Joan,Pierce,1955-05-19,F,USA,California,1,2,0,Website,71,2
C1159,1,Gerald,Howard,1940-03-24,M,USA,Nevada,1,1,1,Website,86,2
C1160,1,Walter,Griffin,1980-11-21,M,USA,Florida,0,2,1,Website,46,0
C1161,1,Stephen,White,1994-02-12,M,Canada,Alberta,1,3,1,Website,32,0
C1162,1,Charles,Nelson,1962-01-25,M,USA,California,1,2,0,Website,64,2
C1163,1,Noah,Morales,1998-10-26,M,USA,California,0,3,1,Website,28,0
C1164,1,Emma,Watson,2068-04-11,F,Belgium,Wallonia,0,3,1,Agency,-42,3
C1165,1,Victoria,Alexander,1994-09-26,F,Russia,Moscow Oblast,0,1,0,Website,32,0
C1166,1,Scott,Hall,1991-11-15,M,USA,New York,1,1,0,Website,35,0
C1167,1,Kevin,Alexander,1967-12-20,M,UK,Scotland,0,3,0,Website,59,2
C1168,1,Brittany,Reyes,1998-12-25,F,Germany,Hamburg,0,2,1,Agency,28,0
C1169,1,Noah,Bryant,1994-01-05,M,Russia,Saint Petersburg,0,5,1,Agency,32,0
C1170,1,Amanda,Collins,1990-02-09,F,USA,Nevada,0,1,1,Website,36,0
C1171,1,Anna,Patterson,1984-08-21,F,USA,California,1,4,1,Website,42,0
C1172,1,Victoria,Freeman,2042-11-05,F,USA,Nevada,0,5,0,Website,-16,1
C1173,1,Cheryl,Price,1984-11-02,F,Canada,Manitoba,1,1,0,Website,42,0
C1174,1,Kenneth,White,1982-07-06,M,USA,Nevada,0,2,0,Agency,44,0
C1175,1,Evelyn,Long,1959-09-27,F,USA,California,0,2,0,Website,67,2
C1176,1,Lauren,Baker,2075-06-03,F,USA,California,1,4,1,Agency,-49,3
C1177,1,Larry,Sanders,1998-09-05,M,USA,California,1,2,0,Agency,28,0
C1178,1,Jessica,Richardson,1950-07-16,F,USA,California,0,1,0,Agency,76,2
C1179,1,Melissa,Anderson,1991-02-09,F,USA,California,0,4,0,Agency,35,0
C1180,1,Deborah,Miller,1995-07-11,F,Belgium,Brussels,0,2,1,Website,31,0
C1181,1,Judith,Hansen,1956-03-23,F,USA,Nevada,1,5,0,Website,70,2
C1182,1,Christopher,Murray,2061-03-11,M,Germany,Bavaria,1,3,1,Website,-35,3
C1183,1,Carl,Rogers,1993-11-14,M,USA,Arizona,1,1,0,Website,33,0
C1184,1,David,Nelson,1953-04-14,M,France,Ile-de-France,0,2,0,Website,73,2
C1185,1,Ronald,Peterson,2000-06-27,M,USA,California,0,3,0,Website,26,0
C1186,1,Victoria,Bennett,1978-06-27,F,USA,Nevada,0,3,1,Website,48,0
C1187,1,Melissa,Pierce,1962-03-18,F,USA,Nevada,0,4,0,Website,64,2
C1188,1,Matthew,White,1995-11-01,M,Canada,Alberta,0,1,0,Client,31,0
C1189,1,Peter,Alexander,1963-01-22,M,USA,Florida,0,2,1,Client,63,2
C1190,1,Sandra,Baker,2046-08-04,F,USA,Texas,0,4,0,Client,-20,1
C1191,1,Mary,Cox,1950-04-17,F,USA,California,1,3,0,Website,76,2
C1192,1,Adam,Jones,2000-01-05,M,USA,Florida,0,5,0,Website,26,0
C1193,1,Amy,Owens,1975-04-20,F,UK,England,0,1,0,Website,51,0
C1194,1,Melissa,Brooks,1943-06-17,F,USA,Colorado,0,1,0,Website,83,2
C1195,1,Anna,Pierce,1990-06-07,F,USA,California,0,4,1,Agency,36,0
C1196,1,William,Freeman,2055-09-03,M,USA,Nevada,0,2,0,Agency,-29,1
C1197,1,Deborah,Roberts,2059-04-10,F,USA,Arizona,0,4,0,Website,-33,3
C1198,1,Lisa,Young,1960-01-21,F,USA,New York,0,1,0,Agency,66,2
C1199,1,Justin,Campbell,2043-03-03,M,USA,Colorado,0,2,0,Website,-17,1
C1200,1,Henry,Taylor,2069-11-03,M,USA,Utah,0,4,0,Agency,-43,3
C1201,1,Timothy,Stewart,2000-03-22,M,USA,Oregon,1,1,1,Website,26,0
C1202,0,Telnox,Co,1985-05-09,M,Canada,Quebec,1,5,1,Website,41,0
C1203,1,Ashley,Green,1962-01-18,F,USA,Arizona,0,2,1,Website,64,2
C1204,1,William,Reed,1992-04-03,M,Mexico,Puebla,1,2,1,Website,34,0
C1205,1,Patrick,Pierce,1959-05-15,M,Belgium,Flanders,0,4,0,Website,67,2
C1206,1,Melissa,Baker,2057-12-09,F,USA,California,1,5,0,Website,-31,1
C1207,1,Lauren,Price,1973-10-24,F,USA,Texas,0,5,1,Agency,53,0
C1208,1,Noah,Ward,1977-11-27,M,USA,Colorado,0,1,0,Website,49,0
C1209,1,Tiffany,Kim,1978-07-01,F,USA,California,0,4,1,Website,48,0
C1210,1,Dennis,Cox,1991-06-04,M,USA,California,1,1,0,Website,35,0
C1211,1,Kathleen,Owens,1996-07-10,F,Canada,British Columbia,0,5,1,Website,30,0
C1212,1,Lawrence,Gray,2057-07-11,M,USA,California,0,1,0,Agency,-31,1
C1213,1,Ruth,Martin,1993-08-06,F,Canada,Manitoba,0,5,0,Website,33,0
C1214,1,Jennifer,Peterson,2000-08-10,F,USA,Florida,0,1,0,Agency,26,0
C1215,1,Charles,Patterson,1994-07-24,M,USA,California,0,3,0,Website,32,0
C1216,1,Martha,Jordan,1997-07-10,F,France,Normandy,0,4,0,Website,29,0
C1217,1,William,Carter,1997-01-05,M,USA,California,1,4,1,Website,29,0
C1218,1,Teresa,Smith,1941-12-28,F,USA,California,0,1,1,Website,85,2
C1219,1,Danielle,Howard,1983-12-06,F,USA,Arizona,0,1,1,Website,43,0
C1220,1,Christina,Martin,2067-09-08,F,USA,Colorado,1,4,1,Website,-41,3
C1221,1,Cynthia,Thomas,1984-05-23,F,USA,Nevada,1,2,0,Agency,42,0
C1222,1,Christopher,Taylor,2069-01-07,M,USA,Utah,0,4,0,Website,-43,3
C1223,1,Sharon,Stone,1952-09-17,F,USA,Washington,0,4,0,Website,74,2
C1224,1,Paul,Carter,1942-06-13,M,USA,New York,1,5,1,Client,84,2
C1225,1,Larry,James,1990-11-10,M,USA,Oregon,0,2,0,Website,36,0
C1226,1,Michael,Sanders,1989-05-01,M,USA,Utah,0,4,0,Website,37,0
C1227,1,Alexander,Reyes,1987-03-13,M,USA,Colorado,0,3,1,Agency,39,0
C1228,1,Joseph,Howard,2054-07-07,M,USA,California,0,2,0,Website,-28,1
C1229,1,Madison,Reyes,1994-11-02,F,UK,Scotland,0,1,1,Website,32,0
C1230,1,Lawrence,Parker,1985-02-18,M,USA,California,0,5,0,Client,41,0
C1231,1,Betty,Carter,2054-12-09,F,USA,California,0,2,0,Agency,-28,1
C1232,1,Mary,Jackson,1989-09-23,F,Canada,British Columbia,0,3,0,Website,37,0
C1233,1,Brian,Scott,1979-08-05,M,USA,Utah,0,4,0,Website,47,0
C1234,1,Karen,King,1957-01-20,F,USA,Colorado,1,1,0,Website,69,2
C1235,1,Michael,Morales,1957-05-27,M,USA,Arizona,0,2,0,Website,69,2
C1236,1,Brandon,Cook,1972-08-24,M,USA,Arizona,0,4,1,Website,54,0
C1237,1,Helen,Cook,1943-09-25,F,UK,Wales,1,4,1,Website,83,2
C1238,1,Joshua,Bennett,1946-04-22,M,USA,Nevada,0,1,1,Agency,80,2
C1239,1,Catherine,Adams,2053-02-07,F,USA,Oregon,0,3,0,Agency,-27,1
C1240,1,Gloria,Wright,1984-11-12,F,USA,Nevada,1,4,1,Website,42,0
C1241,1,Danielle,Martin,1973-08-19,F,USA,California,0,1,0,Agency,53,0
C1242,1,Gerald,Collins,1961-09-22,M,USA,California,0,3,1,Website,65,2
C1243,1,Jeffrey,Edwards,2048-10-04,M,USA,Colorado,0,1,0,Website,-22,1
C1244,1,Joseph,Phillips,1992-06-10,M,USA,Utah,1,5,1,Website,34,0
C1245,1,Edward,Reyes,2063-02-10,M,USA,California,0,3,1,Agency,-37,3
C1246,1,Joyce,Jackson,2043-05-10,F,Canada,Alberta,0,2,0,Agency,-17,1
C1247,1,Judy,Moore,2057-04-09,F,USA,Nevada,1,2,0,Website,-31,1
C1248,1,Sara,Scott,1976-07-04,F,USA,Arizona,0,3,0,Agency,50,0
C1249,1,Janet,James,1971-07-14,F,USA,California,1,1,0,Website,55,0
C1250,1,Jordan,Stewart,1950-04-19,M,USA,Nevada,0,5,0,Agency,76,2
C1251,1,Aaron,Thompson,2075-11-01,M,USA,Texas,1,5,0,Website,-49,3
C1252,1,Margaret,Cook,1962-02-27,F,USA,Arizona,0,3,1,Website,64,2
C1253,1,Jason,Flores,1991-09-24,M,USA,California,0,2,0,Agency,35,0
C1254,1,Ethan,Freeman,2056-04-04,M,USA,California,0,5,1,Agency,-30,1
C1255,1,Mark,Patterson,1999-09-15,M,USA,California,0,3,0,Agency,27,0
C1256,0,Triton,Co,1972-02-18,F,USA,California,1,4,0,Agency,54,0
C1257,1,Michael,Scott,1991-12-22,M,USA,California,0,5,1,Agency,35,0
C1258,1,Betty,Stone,1969-06-22,F,USA,Nevada,0,1,0,Website,57,2
C1259,1,William,Edwards,1971-02-19,M,USA,California,1,3,1,Agency,55,0
C1260,1,Elizabeth,Ward,1992-08-24,F,USA,California,0,2,0,Agency,34,0
C1261,1,Patrick,Kim,1976-09-03,M,USA,Utah,0,3,0,Client,50,0
C1262,1,Dorothy,Evans,2050-11-10,F,USA,California,1,4,0,Agency,-24,1
C1263,1,Lawrence,Alexander,1951-11-17,M,USA,California,1,3,0,Agency,75,2
C1264,1,Sarah,Garcia,1999-12-06,F,USA,California,1,1,0,Agency,27,0
C1265,1,Gary,White,1943-03-24,M,USA,Washington,0,1,1,Agency,83,2
C1266,1,Christopher,Hughes,1952-06-20,M,UK,England,0,2,0,Website,74,2
C1267,1,Dorothy,Peterson,2065-04-07,F,USA,Colorado,0,3,1,Website,-39,3
C1268,1,Gloria,Green,1995-10-01,F,UK,Northern Ireland,1,1,1,Website,31,0
C1269,1,Jack,Bennett,1964-09-28,M,USA,California,0,5,0,Website,62,2
C1270,1,Cheryl,Ward,1978-10-18,F,USA,Texas,0,4,0,Agency,48,0
C1271,1,Noah,Anderson,1992-09-10,M,USA,California,0,2,1,Agency,34,0
C1272,1,Ryan,Collins,1941-05-13,M,France,Occitanie,0,1,1,Website,85,2
C1273,1,Gerald,Jordan,1968-05-13,M,Canada,Alberta,0,5,0,Website,58,2
C1274,1,Linda,Jones,1979-07-09,F,USA,California,1,1,1,Website,47,0
C1275,1,Jessica,Roberts,1969-02-26,F,USA,Georgia,1,1,0,Website,57,2
C1276,1,Arthur,Griffin,2040-03-09,M,Australia,Victoria,0,1,1,Agency,-14,1
C1277,1,Lauren,Griffin,1981-04-01,F,USA,California,1,2,0,Agency,45,0
C1278,1,Arthur,Griffin,1997-07-25,M,USA,Utah,0,4,0,Website,29,0
C1279,1,Peter,Martin,2043-10-12,M,USA,California,0,4,1,Website,-17,1
C1280,1,Jacob,Bennett,1953-09-19,M,USA,Texas,0,2,1,Website,73,2
C1281,1,Deborah,Edwards,1998-06-12,F,Canada,Manitoba,1,2,1,Website,28,0
C1282,1,Ashley,Taylor,1996-05-18,F,USA,Colorado,1,3,1,Agency,30,0
C1283,1,Janice,Collins,2045-11-08,F,USA,New York,0,3,0,Agency,-19,1
C1284,1,Patrick,Bennett,1955-10-16,M,USA,California,0,2,0,Website,71,2
C1285,1,Steven,Cox,2054-03-02,M,USA,Utah,0,4,1,Website,-28,1
C1286,1,Stephen,Evans,2063-07-10,M,USA,California,0,5,0,Agency,-37,3
C1287,1,Diane,Hughes,1998-04-07,F,USA,California,1,4,0,Website,28,0
C1288,1,Sean,Cooper,1941-01-20,M,Belgium,Wallonia,0,3,0,Agency,85,2
C1289,1,Samuel,Freeman,1973-07-26,M,Mexico,Jalisco,1,1,1,Agency,53,0
C1290,1,Teresa,Long,1973-10-24,F,USA,Washington,0,3,1,Website,53,0
C1291,1,Paul,Johnson,1983-11-09,M,USA,California,1,5,1,Website,43,0
C1292,1,Jordan,Evans,1977-05-22,M,USA,Texas,1,5,1,Website,49,0
C1293,1,Anna,Wright,2072-08-01,F,USA,California,0,1,0,Agency,-46,3
C1294,1,Henry,Davis,2063-02-09,M,Canada,Ontario,1,3,1,Agency,-37,3
C1295,1,Anna,Bryant,1992-04-21,F,USA,California,1,1,1,Website,34,0
C1296,1,Keith,Hughes,2063-06-02,M,USA,Virginia,0,1,0,Website,-37,3
C1297,0,Vertex,Co,1983-09-06,M,Germany,Berlin,0,5,0,Website,43,0
C1298,1,Margaret,Taylor,2068-08-04,F,USA,California,0,2,0,Agency,-42,3
C1299,1,Karen,James,2044-05-05,F,USA,California,1,3,0,Website,-18,1
C1300,1,Judith,Collins,2061-01-06,F,USA,California,0,2,0,Website,-35,3
C1301,1,Benjamin,Hayes,1955-12-17,M,USA,Virginia,0,2,0,Agency,71,2
C1302,1,Jerry,Anderson,1996-04-19,M,USA,Arizona,1,5,0,Website,30,0
C1303,1,Christian,Miller,1962-08-22,M,USA,Arizona,0,3,1,Website,64,2
C1304,1,Angela,Cook,1985-06-08,F,USA,California,1,1,0,Website,41,0
C1305,1,Catherine,Anderson,1978-09-17,F,USA,Georgia,0,4,0,Website,48,0
C1306,1,Kathleen,Morales,1948-03-18,F,USA,Washington,0,5,0,Website,78,2
C1307,1,Rachel,Rogers,1993-02-14,F,USA,Colorado,0,5,0,Agency,33,0
C1308,1,Timothy,Sanders,2000-03-04,M,USA,California,1,5,0,Agency,26,0
C1309,1,David,Reyes,1999-12-06,M,USA,California,0,5,0,Website,27,0
C1310,1,Ann,Roberts,2055-05-04,F,USA,New York,0,5,0,Agency,-29,1
C1311,1,Christopher,Ward,1940-08-14,M,UK,England,0,4,1,Client,86,2
C1312,1,Timothy,Stone,2042-09-03,M,USA,New York,0,5,0,Website,-16,1
C1313,1,Heather,Reed,1972-03-17,F,Australia,Western Australia,1,3,0,Website,54,0
C1314,1,Rachel,Miller,1964-09-17,F,USA,Arizona,0,3,0,Website,62,2
C1315,1,Joshua,Garcia,1948-12-24,M,USA,Colorado,0,3,0,Agency,78,2
C1316,1,Emma,King,1993-05-09,F,USA,Colorado,0,2,1,Website,33,0
C1317,0,Atlas,Co,1973-11-27,M,USA,Utah,0,2,1,Website,53,0
C1318,1,William,Montgomery,1943-01-18,M,USA,Texas,0,1,0,Website,83,2
C1319,1,Grace,James,1954-08-17,F,USA,Florida,0,3,1,Client,72,2
C1320,1,Peter,Reyes,2069-05-03,M,USA,California,1,1,0,Website,-43,3
C1321,1,Christopher,Reed,1990-09-11,M,USA,Colorado,1,5,0,Client,36,0
C1322,1,Barbara,Reyes,1994-12-26,F,USA,California,0,5,0,Agency,32,0
C1323,1,Nicholas,Moore,1963-07-28,M,USA,Utah,0,3,0,Website,63,2
C1324,1,Carl,Edwards,1992-04-21,M,USA,Arizona,1,2,1,Agency,34,0
C1325,1,George,Jones,2074-12-09,M,Canada,Alberta,0,5,1,Agency,-48,3
C1326,1,Brandon,Mitchell,1944-05-22,M,USA,Colorado,1,4,0,Website,82,2
C1327,1,Betty,Carter,1993-05-14,F,USA,California,0,4,1,Website,33,0
C1328,1,Sandra,Cooper,1956-07-23,F,USA,Washington,0,4,0,Website,70,2
C1329,1,Scott,Parker,1968-04-28,M,USA,California,1,3,1,Agency,58,2
C1330,1,Kelly,James,2075-05-02,F,USA,Colorado,1,2,0,Agency,-49,3
C1331,1,Christina,Bennett,1986-10-06,F,USA,California,1,1,0,Agency,40,0
C1332,1,Michael,Howard,1995-12-11,M,USA,Washington,1,5,1,Agency,31,0
C1333,1,Jack,Hansen,1988-03-27,M,USA,Nevada,1,2,1,Website,38,0
C1334,1,Victoria,Nelson,2065-12-08,F,USA,California,0,5,1,Agency,-39,3
C1335,1,Elizabeth,Hall,1982-05-01,F,USA,Oregon,1,2,1,Website,44,0
C1336,1,Joyce,Thompson,2048-12-09,F,USA,California,0,5,0,Client,-22,1
C1337,1,Jennifer,Johnson,1953-09-20,F,USA,California,1,5,0,Website,73,2
C1338,1,Christine,James,2068-12-01,F,USA,California,0,2,1,Website,-42,3
C1339,0,Rexon,Co,1961-02-24,M,USA,Nevada,0,4,1,Website,65,2
C1340,0,Forsyte,Co,1988-12-05,M,USA,Colorado,0,5,0,Website,38,0
C1341,1,Julie,Cox,1952-09-23,F,USA,Colorado,0,5,1,Website,74,2
C1342,1,Maria,Griffin,1964-02-21,F,USA,California,0,1,1,Agency,62,2
C1343,1,Megan,Turner,1995-03-13,F,Canada,Ontario,0,5,0,Agency,31,0
C1344,1,Carl,Phillips,1974-05-24,M,USA,Florida,0,1,0,Agency,52,0
C1345,1,Mary,Parker,1956-04-25,F,USA,Texas,0,5,0,Website,70,2
C1346,0,Triton,Co,1987-03-18,F,USA,Colorado,1,4,0,Agency,39,0
C1347,1,Mark,James,1956-02-13,M,USA,Washington,0,2,0,Client,70,2
C1348,1,Peter,Harris,1998-07-16,M,USA,Oregon,0,4,1,Client,28,0
C1349,1,Joyce,Johnson,1982-02-14,F,USA,Virginia,1,3,0,Website,44,0
C1350,1,Julia,King,1991-05-17,F,Germany,Hamburg,0,5,0,Website,35,0
C1351,1,Judith,Long,1987-06-24,F,Australia,South Australia,0,2,0,Client,39,0
C1352,1,Benjamin,Gray,1989-03-16,M,USA,California,0,2,1,Agency,37,0
C1353,1,Debra,Jackson,1997-10-15,F,Canada,Alberta,0,1,0,Agency,29,0
C1354,1,Patrick,Johnson,2041-04-09,M,USA,Florida,0,5,0,Website,-15,1
C1355,1,Shirley,Owens,1966-11-22,F,USA,California,1,2,1,Client,60,2
C1356,1,Jonathan,Morales,1994-03-26,M,USA,Oregon,1,4,0,Agency,32,0
C1357,1,Danielle,Patterson,1987-03-01,F,USA,California,0,5,1,Website,39,0
C1358,1,Gregory,Taylor,2043-01-05,M,USA,Texas,0,4,0,Agency,-17,1
C1359,1,Gary,Owens,1975-07-25,M,USA,Virginia,0,3,0,Agency,51,0
C1360,1,Billy,Nelson,1990-11-27,M,USA,Virginia,0,4,0,Agency,36,0
C1361,1,Ashley,Owens,1943-07-21,F,USA,California,0,3,0,Client,83,2
C1362,1,Laura,Jordan,1965-04-13,F,USA,California,1,1,1,Agency,61,2
C1363,1,James,Stone,1981-06-04,M,USA,Georgia,0,5,1,Agency,45,0
C1364,1,Andrea,Watson,1998-12-23,F,USA,California,1,1,0,Website,28,0
C1365,1,Tiffany,Sanders,1969-03-16,F,Belgium,Brussels,1,5,1,Website,57,2
C1366,1,George,Thompson,1995-07-27,M,USA,California,0,1,0,Website,31,0
C1367,1,Stephanie,Jordan,2053-01-11,F,Germany,Berlin,0,2,0,Client,-27,1
C1368,1,Jose,Gray,1947-11-22,M,USA,California,0,5,1,Client,79,2
C1369,1,Peter,Garcia,1983-10-07,M,France,Brittany,0,4,1,Agency,43,0
C1370,1,Frank,Evans,2065-06-04,M,USA,Colorado,1,1,0,Agency,-39,3
C1371,1,Timothy,Thomas,1989-06-19,M,UK,England,0,2,1,Website,37,0
C1372,1,Lisa,Turner,1981-11-21,F,USA,Washington,1,2,0,Website,45,0
C1373,1,Melissa,Evans,1992-10-11,F,USA,California,0,3,1,Website,34,0
C1374,0,Quasar,Co,1990-01-25,M,France,Ile-de-France,0,3,1,Agency,36,0
C1375,1,Carolyn,Flores,1972-11-22,F,USA,California,1,4,1,Agency,54,0
C1376,1,Carolyn,Edwards,1987-06-23,F,USA,Arizona,1,3,1,Agency,39,0
C1377,1,Laura,Long,1984-01-04,F,USA,Utah,1,2,0,Website,42,0
C1378,1,Maria,Morales,1976-11-19,F,USA,California,1,1,0,Website,50,0
C1379,1,Kevin,Gray,2070-06-11,M,UK,Scotland,0,2,0,Website,-44,3
C1380,1,Michael,Hughes,1949-10-15,M,Canada,Alberta,1,4,0,Website,77,2
C1381,1,Eric,Cox,1962-06-16,M,Germany,Hesse,0,3,1,Website,64,2
C1382,1,Adam,James,1951-05-19,M,USA,Oregon,0,2,0,Website,75,2
C1383,1,Noah,Moore,1992-11-11,M,USA,California,0,2,0,Agency,34,0
C1384,1,Mary,Young,1988-03-10,F,USA,California,0,2,1,Agency,38,0
C1385,1,Kenneth,Owens,2046-06-01,M,USA,California,0,1,0,Agency,-20,1
C1386,1,Harold,Howard,1947-08-23,M,USA,Washington,0,4,1,Website,79,2
C1387,1,Jose,Reed,1943-05-27,M,Germany,Hamburg,1,4,0,Website,83,2
C1388,1,Hannah,Stone,1999-04-20,F,USA,Washington,0,3,0,Website,27,0
C1389,1,Jordan,Montgomery,2052-07-03,M,UK,Scotland,0,2,0,Website,-26,1
C1390,1,Lauren,Thomas,1979-07-21,F,USA,Nevada,0,3,0,Website,47,0
C1391,1,Barbara,Campbell,2074-03-06,F,USA,Utah,0,1,0,Website,-48,3
C1392,1,Jose,Johnson,1990-06-05,M,USA,Colorado,0,4,1,Agency,36,0
C1393,1,Virginia,Miller,1981-07-09,F,Mexico,Baja California,1,1,0,Agency,45,0
C1394,1,Debra,Hansen,1977-02-26,F,USA,Nevada,0,4,0,Website,49,0
C1395,1,Megan,Campbell,1988-09-27,F,Canada,Alberta,1,4,0,Website,38,0
C1396,1,Steven,Foster,2071-06-02,M,Canada,Manitoba,1,3,1,Website,-45,3
C1397,1,Linda,Chavez,1983-03-10,F,USA,Nevada,0,4,0,Website,43,0
C1398,1,Alexander,Jones,1966-12-13,M,USA,California,0,5,1,Website,60,2
C1399,1,Lauren,Evans,1978-08-23,F,Canada,British Columbia,0,5,0,Agency,48,0
C1400,1,Maria,Jones,1991-10-24,F,UK,Northern Ireland,0,4,0,Client,35,0
C1401,1,Virginia,Brooks,1999-03-24,F,USA,Virginia,1,1,0,Website,27,0
C1402,1,Helen,Jordan,1968-09-28,F,USA,Utah,0,3,0,Agency,58,2
C1403,1,Pamela,Scott,1983-09-22,F,USA,Oregon,0,2,0,Website,43,0
C1404,1,Sharon,Williams,1950-07-22,F,USA,California,0,4,0,Agency,76,2
C1405,1,Ryan,Williams,2055-06-08,M,USA,Oregon,0,5,0,Agency,-29,1
C1406,1,Sara,Wood,2070-09-01,F,USA,California,0,3,0,Website,-44,3
C1407,1,Sharon,Hansen,1956-03-22,F,USA,California,0,1,0,Agency,70,2
C1408,0,Grandis,Co,1963-11-13,F,USA,California,0,2,0,Agency,63,2
C1409,1,Katherine,Price,2057-08-01,F,USA,Oregon,1,2,0,Website,-31,1
C1410,1,Jennifer,Edwards,1965-12-16,F,USA,Nevada,0,2,0,Agency,61,2
C1411,1,Anthony,Watson,1987-04-04,M,USA,California,0,2,0,Client,39,0
C1412,0,Optima,Co,1985-06-28,F,USA,Nevada,0,2,0,Agency,41,0
C1413,1,Margaret,Rogers,1968-09-18,F,USA,California,0,4,0,Agency,58,2
C1414,1,Michelle,Wright,2075-05-01,F,USA,Florida,0,4,0,Website,-49,3
C1415,1,Tyler,Murray,1959-07-14,M,USA,California,1,1,0,Website,67,2
C1416,1,Bryan,Peterson,2054-07-01,M,USA,Oregon,0,2,0,Agency,-28,1
C1417,1,Dennis,Williams,1953-10-26,M,UK,Scotland,0,5,0,Website,73,2
C1418,1,Kyle,Cox,2054-04-06,M,USA,Ohio,1,2,0,Website,-28,1
C1419,1,Jason,Peterson,2071-08-08,M,Germany,Hamburg,1,4,1,Website,-45,3
C1420,0,Terova,Co,1981-10-20,M,UK,Wales,0,5,0,Website,45,0
C1421,1,James,Jones,1957-11-14,M,USA,Colorado,0,1,0,Website,69,2
C1422,1,Billy,Hansen,1955-01-15,M,USA,Florida,1,1,1,Website,71,2
C1423,1,Jack,Brooks,1955-09-21,M,UK,Northern Ireland,0,4,1,Website,71,2
C1424,1,Judy,Harris,2054-03-12,F,USA,Utah,0,2,1,Agency,-28,1
C1425,1,Raymond,Taylor,1971-12-16,M,Belgium,Flanders,0,3,0,Website,55,0
C1426,1,Christina,Campbell,1964-05-20,F,USA,Washington,0,2,0,Website,62,2
C1427,1,Julia,Richardson,2055-05-10,F,Australia,Victoria,0,5,0,Website,-29,1
C1428,1,Nicole,Allen,2053-12-05,F,USA,Oregon,0,4,1,Agency,-27,1
C1429,1,Jesse,Stewart,1991-10-01,M,USA,Nevada,1,5,0,Agency,35,0
C1430,1,Patrick,Allen,2063-09-11,M,USA,Nevada,0,4,0,Website,-37,3
C1431,1,Melissa,Griffin,2043-07-01,F,Germany,Hesse,0,3,1,Website,-17,1
C1432,1,Larry,Weaver,1951-12-26,M,USA,Utah,0,3,0,Agency,75,2
C1433,1,Christian,Mitchell,2053-04-12,M,Germany,Hamburg,0,4,0,Website,-27,1
C1434,0,Terova,Co,1985-06-25,F,USA,California,1,5,0,Agency,41,0
C1435,1,Zachary,Morales,2067-04-08,M,USA,Texas,1,2,0,Agency,-41,3
C1436,1,Kyle,Wright,1998-10-09,M,USA,California,0,2,0,Website,28,0
C1437,1,Gerald,Stewart,1997-04-08,M,USA,Arizona,1,5,0,Agency,29,0
C1438,1,Benjamin,Taylor,1988-08-04,M,USA,California,0,2,1,Agency,38,0
C1439,1,Helen,Morales,2000-10-14,F,USA,Virginia,0,2,0,Agency,26,0
C1440,1,Mary,Phillips,1952-07-20,F,USA,Colorado,1,2,0,Agency,74,2
C1441,1,Helen,Campbell,2045-09-08,F,USA,California,1,5,0,Website,-19,1
C1442,1,Timothy,Foster,2000-06-17,M,USA,Colorado,0,2,1,Client,26,0
C1443,1,Betty,Hughes,1979-11-22,F,USA,Florida,0,2,0,Website,47,0
C1444,1,Frank,Alexander,1981-06-25,M,USA,Colorado,0,3,0,Website,45,0
C1445,1,Gregory,Hall,1988-07-26,M,USA,Florida,0,5,0,Website,38,0
C1446,1,Amber,Gray,2051-12-09,F,USA,Ohio,0,4,0,Website,-25,1
C1447,1,Janet,Rogers,1972-05-14,F,USA,Nevada,1,4,1,Client,54,0
C1448,1,Henry,Ward,1959-03-15,M,Russia,Tatarstan,0,1,0,Website,67,2
C1449,1,Nicole,Cox,1999-06-14,F,USA,California,1,5,0,Website,27,0
C1450,1,Pamela,White,1996-04-06,F,USA,Virginia,0,5,0,Website,30,0
C1451,1,Hannah,Turner,1983-10-19,F,USA,California,0,1,0,Website,43,0
C1452,1,Kelly,Edwards,1993-08-05,F,Belgium,Wallonia,0,3,0,Client,33,0
C1453,1,Kenneth,Stone,1981-10-07,M,USA,California,0,2,0,Agency,45,0
C1454,1,Ann,Kim,1948-05-23,F,USA,California,1,1,0,Client,78,2
C1455,1,Christina,Nelson,1989-06-15,F,USA,Colorado,0,3,1,Agency,37,0
C1456,0,Quasar,Co,1992-06-26,F,USA,Oregon,1,1,1,Website,34,0
C1457,1,Julie,Foster,1949-01-27,F,USA,California,0,3,1,Agency,77,2
C1458,1,Keith,Reed,1950-09-16,M,USA,Arizona,0,1,0,Website,76,2
C1459,1,Terry,Hall,1949-09-28,M,USA,Arizona,0,5,0,Website,77,2
C1460,1,Pamela,Long,2072-12-05,F,UK,England,0,1,1,Agency,-46,3
C1461,1,Gloria,Reyes,1944-01-13,F,USA,California,0,5,0,Website,82,2
C1462,1,Virginia,Allen,1984-04-19,F,Germany,Hamburg,1,3,0,Agency,42,0
C1463,1,Lawrence,Ward,1943-12-28,M,USA,California,0,2,1,Website,83,2
C1464,1,Terry,Weaver,1940-01-25,M,USA,Arizona,0,1,0,Website,86,2
C1465,1,Edward,Stewart,1990-07-09,M,USA,Ohio,0,3,1,Website,36,0
C1466,1,Ashley,Howard,1999-08-28,F,Belgium,Flanders,1,2,0,Website,27,0
C1467,1,Rebecca,Adams,1951-07-19,F,USA,California,0,5,0,Client,75,2
C1468,1,Jason,Martin,1940-08-24,M,Canada,Manitoba,0,3,0,Website,86,2
C1469,1,Keith,Richardson,1970-05-17,M,USA,Colorado,0,1,0,Website,56,2
C1470,1,Alexander,Richardson,1940-05-27,M,USA,Colorado,1,3,1,Agency,86,2
C1471,1,Judith,Williams,1940-05-24,F,UK,Northern Ireland,0,1,1,Website,86,2
C1472,1,Paul,Flores,1991-03-23,M,USA,Washington,0,1,0,Website,35,0
C1473,1,Maria,Freeman,1974-03-14,F,USA,California,0,2,0,Agency,52,0
C1474,1,Kevin,Brown,2069-04-10,M,USA,Oregon,0,3,0,Website,-43,3
C1475,1,Raymond,Brown,2044-08-02,M,Mexico,Jalisco,0,4,1,Agency,-18,1
C1476,1,Kevin,Jackson,2000-06-08,M,USA,Nevada,0,1,0,Agency,26,0
C1477,0,Zynex,Co,2068-04-10,F,USA,California,1,1,0,Agency,-42,3
C1478,1,Emily,Reed,2058-09-12,F,Canada,British Columbia,1,1,0,Agency,-32,3
C1479,1,Paul,Carter,1968-03-26,M,USA,California,1,1,0,Website,58,2
C1480,1,Danielle,White,1985-04-09,F,USA,Virginia,1,3,0,Client,41,0
C1481,0,Caldera,Co,1984-12-04,F,USA,Arizona,1,3,0,Website,42,0
C1482,1,Kimberly,Murray,1953-01-24,F,USA,Oregon,0,2,1,Website,73,2
C1483,1,Gary,Hall,2075-06-01,M,USA,Colorado,0,3,1,Agency,-49,3
C1484,1,Christina,Nelson,2071-10-09,F,USA,Colorado,0,3,0,Client,-45,3
C1485,1,Rachel,Scott,1984-06-26,F,USA,Washington,1,4,0,Website,42,0
C1486,1,Madison,Campbell,1996-06-14,F,UK,Wales,0,5,1,Website,30,0
C1487,1,Sandra,Martin,2065-12-10,F,USA,New York,0,3,0,Agency,-39,3
C1488,1,Keith,Scott,2075-09-07,M,USA,Florida,1,2,0,Website,-49,3
C1489,1,Gloria,Montgomery,1951-03-19,F,USA,Arizona,0,5,0,Agency,75,2
C1490,1,Dennis,Hall,1994-11-06,M,UK,Wales,1,5,1,Client,32,0
C1491,1,Rebecca,Evans,1997-07-10,F,USA,Georgia,0,4,0,Agency,29,0
C1492,1,Mary,Taylor,1984-12-18,F,Germany,Bavaria,0,2,0,Agency,42,0
C1493,1,Thomas,Bennett,1992-03-16,M,USA,Washington,0,4,1,Agency,34,0
C1494,1,Nicholas,Cooper,1996-04-09,M,USA,New York,0,1,0,Client,30,0
C1495,1,Jason,Hughes,1991-11-09,M,Denmark,Capital Region,0,1,0,Website,35,0
C1496,1,Bryan,Patterson,1986-11-15,M,USA,Florida,0,5,0,Agency,40,0
C1497,1,Samuel,Parker,1940-01-13,M,USA,California,1,4,0,Agency,86,2
C1498,1,Nicole,Carter,2067-02-03,F,Mexico,Puebla,1,5,0,Website,-41,3
C1499,1,Lauren,Gray,1997-11-04,F,Russia,Saint Petersburg,0,3,1,Agency,29,0
C1500,1,Shirley,Ward,1995-01-04,F,Australia,Victoria,0,2,0,Agency,31,0
C1501,1,Brenda,White,1951-12-16,F,USA,Oregon,1,4,0,Agency,75,2
C1502,1,Elizabeth,Weaver,1994-10-27,F,UK,Wales,0,5,1,Website,32,0
C1503,0,Triton,Co,1986-08-21,M,USA,Arizona,1,5,0,Website,40,0
C1504,1,Patrick,Hughes,1946-08-19,M,USA,California,0,4,0,Website,80,2
C1505,1,William,Cook,1994-05-14,M,USA,Virginia,0,3,0,Agency,32,0
C1506,1,Larry,Price,2050-01-11,M,USA,Utah,1,3,0,Website,-24,1
C1507,1,Joyce,Cooper,1951-03-28,F,USA,Florida,0,3,0,Agency,75,2
C1508,1,Benjamin,Morris,1994-12-03,M,UK,Scotland,0,3,0,Agency,32,0
C1509,1,Rebecca,Campbell,1946-12-16,F,USA,California,0,3,0,Website,80,2
C1510,0,Altira,Co,2062-12-01,M,USA,California,0,5,0,Agency,-36,3
C1511,1,Ann,Hansen,1989-07-20,F,France,Provence,0,2,1,Website,37,0
C1512,1,Anna,Young,1955-06-18,F,USA,Nevada,0,4,1,Client,71,2
C1513,1,Danielle,Morales,1995-06-08,F,USA,Florida,0,2,0,Website,31,0
C1514,1,Linda,Bryant,1986-12-08,F,USA,New York,0,4,0,Website,40,0
C1515,1,Angela,Williams,1946-10-16,F,USA,Nevada,1,5,0,Website,80,2
C1516,1,Grace,Wood,1953-05-23,F,USA,Texas,0,4,0,Website,73,2
C1517,1,Benjamin,Chavez,1978-02-23,M,USA,California,1,2,0,Agency,48,0
C1518,1,Teresa,Rogers,1994-10-08,F,Australia,Victoria,0,5,1,Agency,32,0
C1519,1,Kyle,Freeman,1972-08-19,M,USA,California,0,1,0,Agency,54,0
C1520,1,Patrick,Griffin,2045-12-05,M,USA,Utah,0,1,0,Website,-19,1
C1521,1,Bryan,Foster,1973-12-25,M,USA,Nevada,0,4,0,Agency,53,0
C1522,1,Debra,Mitchell,1964-09-14,F,USA,Washington,0,5,0,Website,62,2
C1523,0,Horizon,Co,1981-07-22,M,Australia,Victoria,1,3,0,Website,45,0
C1524,1,Jordan,Wilson,1967-07-24,M,USA,Virginia,0,2,0,Client,59,2
C1525,1,Timothy,Brown,1959-08-24,M,USA,California,0,1,0,Agency,67,2
C1526,1,Victoria,Howard,2056-08-05,F,USA,California,0,3,0,Website,-30,1
C1527,1,Martha,Thomas,1989-05-13,F,USA,California,0,1,0,Agency,37,0
C1528,1,Jennifer,Weaver,1997-09-02,F,Germany,Hamburg,0,1,1,Website,29,0
C1529,0,Helios,Co,1989-04-19,M,USA,California,0,4,0,Website,37,0
C1530,1,Sarah,Wright,1988-11-20,F,USA,California,0,2,0,Website,38,0
C1531,1,Bryan,Cox,1964-03-15,M,France,Brittany,1,2,0,Website,62,2
C1532,1,Linda,Freeman,1998-09-26,F,USA,Texas,0,3,1,Website,28,0
C1533,1,Anthony,Bryant,1988-10-05,M,Canada,British Columbia,0,4,0,Agency,38,0
C1534,1,Sandra,Pierce,1996-06-08,F,USA,California,0,4,1,Website,30,0
C1535,1,Jeremy,Stone,1994-09-03,M,UK,England,1,3,0,Agency,32,0
C1536,1,Sara,Baker,1982-06-05,F,USA,Washington,0,3,0,Website,44,0
C1537,1,Lisa,Foster,1999-08-04,F,USA,Arizona,0,5,0,Website,27,0
C1538,1,Jessica,Kim,2047-01-07,F,USA,California,1,5,0,Website,-21,1
C1539,1,Terry,Brown,1997-05-13,M,USA,Nevada,0,1,0,Agency,29,0
C1540,1,Roger,Cox,2057-12-02,M,USA,California,0,2,1,Client,-31,1
C1541,1,Carl,Adams,1964-11-20,M,USA,California,0,2,0,Website,62,2
C1542,1,Gary,Cook,1989-07-27,M,USA,Nevada,0,1,1,Website,37,0
C1543,1,Virginia,Peterson,2055-11-10,F,USA,New York,1,3,0,Agency,-29,1
C1544,1,Heather,Evans,1947-04-27,F,Russia,Tatarstan,0,3,0,Website,79,2
C1545,1,Elizabeth,Price,1992-11-23,F,USA,California,1,1,1,Website,34,0
C1546,1,Sarah,Scott,2066-06-06,F,Mexico,Puebla,0,4,1,Agency,-40,3
C1547,1,Margaret,Martin,2075-04-03,F,USA,Florida,0,2,1,Agency,-49,3
C1548,0,Telnox,Co,1967-12-26,M,USA,California,0,2,1,Website,59,2
C1549,1,Gary,Reyes,1961-06-15,M,Mexico,Nuevo Leon,0,4,0,Client,65,2
C1550,1,Jason,Rogers,1998-10-01,M,USA,California,0,2,0,Agency,28,0
C1551,1,Aaron,Howard,1991-05-17,M,USA,California,0,2,0,Agency,35,0
C1552,1,Peter,Wilson,1947-04-20,M,USA,California,1,2,1,Agency,79,2
C1553,0,Horizon,Co,1990-03-27,M,USA,Utah,0,4,0,Agency,36,0
C1554,1,Gregory,Cox,1998-03-04,M,Germany,Bavaria,0,1,0,Website,28,0
C1555,1,Julia,Martin,1946-04-25,F,UK,England,0,5,0,Website,80,2
C1556,1,Grace,Wood,1982-11-20,F,USA,Colorado,1,2,0,Agency,44,0
C1557,1,Joan,Griffin,1942-03-15,F,USA,New York,0,2,1,Website,84,2
C1558,1,Tyler,Phillips,2044-03-12,M,Mexico,Baja California,0,4,0,Website,-18,1
C1559,1,Sara,Mitchell,1975-03-27,F,UK,England,0,2,0,Website,51,0
C1560,1,Christina,Hughes,1940-07-15,F,USA,California,0,4,1,Client,86,2
C1561,1,Jeffrey,Green,1964-04-28,M,Mexico,Nuevo Leon,1,5,0,Agency,62,2
C1562,1,Maria,Morris,1987-07-05,F,USA,California,0,4,0,Client,39,0
C1563,1,Susan,Baker,1987-06-18,F,USA,Utah,0,5,0,Website,39,0
C1564,1,Jason,Wood,2064-11-06,M,USA,Washington,1,5,0,Website,-38,3
C1565,1,Kenneth,Bennett,1980-08-08,M,Mexico,Jalisco,0,4,0,Agency,46,0
C1566,1,Anthony,Wilson,1995-01-01,M,USA,California,0,3,0,Website,31,0
C1567,1,Frank,Wilson,1977-10-11,M,USA,Georgia,0,4,0,Client,49,0
C1568,1,Betty,Owens,1990-03-06,F,USA,California,0,5,0,Website,36,0
C1569,1,Pamela,Turner,1993-11-05,F,USA,California,1,1,1,Website,33,0
C1570,1,Amanda,Williams,1963-12-27,F,USA,Ohio,0,5,0,Website,63,2
C1571,1,Ethan,Morales,1978-06-03,M,USA,California,0,2,0,Website,48,0
C1572,1,Donald,Baker,2060-06-10,M,Australia,Queensland,0,3,0,Agency,-34,3
C1573,1,Amanda,Richardson,2046-05-07,F,USA,California,0,1,0,Website,-20,1
C1574,1,Gary,Morris,1984-08-14,M,USA,California,0,4,0,Website,42,0
C1575,1,Paul,Freeman,2000-12-19,M,USA,California,0,2,0,Website,26,0
C1576,1,Heather,Cook,1977-09-28,F,USA,Nevada,1,3,1,Website,49,0
C1577,1,Ethan,Edwards,1983-02-15,M,Germany,Bavaria,0,3,0,Website,43,0
C1578,1,Mark,Turner,1996-03-12,M,USA,California,1,2,0,Website,30,0
C1579,1,Robert,Bell,2045-10-03,M,USA,Arizona,1,4,0,Website,-19,1
C1580,1,Jordan,Martin,1997-12-05,M,USA,Georgia,1,1,1,Website,29,0
C1581,1,James,Reyes,2050-11-08,M,USA,California,1,1,0,Website,-24,1
C1582,1,Harold,Baker,1955-08-20,M,France,Ile-de-France,0,4,1,Client,71,2
C1583,1,Peter,Scott,2068-01-03,M,USA,California,0,2,0,Agency,-42,3
C1584,0,Nexus,Co,1985-08-12,M,France,Brittany,1,1,1,Website,41,0
C1585,1,Kevin,Watson,2060-10-10,M,Canada,Ontario,0,5,0,Website,-34,3
C1586,1,Carolyn,Roberts,1967-01-21,F,Germany,Berlin,0,3,0,Website,59,2
C1587,1,Carl,Cooper,2043-12-02,M,Canada,Quebec,1,4,1,Agency,-17,1
C1588,1,Patricia,Thomas,1980-10-25,F,USA,Utah,1,5,0,Website,46,0
C1589,1,Christina,Ward,2053-08-12,F,USA,California,1,4,0,Agency,-27,1
C1590,0,Elara,Co,1979-06-19,F,USA,Oregon,0,1,0,Website,47,0
C1591,1,Christine,Brooks,1971-08-15,F,USA,California,1,4,0,Website,55,0
C1592,1,Heather,Allen,2075-06-01,F,USA,Texas,1,2,1,Agency,-49,3
C1593,1,Anthony,Williams,2075-08-05,M,USA,California,0,1,0,Website,-49,3
C1594,1,Kathleen,Green,1969-10-24,F,USA,Colorado,0,2,0,Agency,57,2
C1595,1,Charles,Reed,1955-08-20,M,USA,California,0,5,0,Website,71,2
C1596,1,Frank,Hall,1979-11-10,M,Germany,Berlin,1,4,0,Website,47,0
C1597,1,Rachel,Cox,1949-12-28,F,USA,Nevada,1,4,1,Website,77,2
C1598,1,Angela,Adams,1940-06-23,F,USA,Georgia,0,4,1,Agency,86,2
C1599,1,Stephanie,Thompson,1980-11-19,F,USA,Virginia,1,5,1,Website,46,0
C1600,1,Jennifer,Rogers,1968-02-13,F,Belgium,Wallonia,0,5,0,Website,58,2
C1601,1,Tiffany,Parker,1996-08-13,F,Russia,Krasnodar Krai,0,3,0,Website,30,0
C1602,1,Harold,Turner,1986-11-01,M,USA,Nevada,1,4,0,Website,40,0
C1603,1,Hannah,Rogers,2062-09-07,F,UK,England,0,5,0,Website,-36,3
C1604,1,Ronald,Kim,2049-09-10,M,USA,Texas,0,4,0,Website,-23,1
C1605,1,Joshua,Collins,1999-01-21,M,UK,England,1,4,1,Website,27,0
C1606,1,Zachary,Howard,1965-03-20,M,USA,Washington,0,1,1,Agency,61,2
C1607,1,Emma,Hall,2063-03-11,F,USA,California,0,3,0,Agency,-37,3
C1608,1,Heather,Pierce,1999-11-14,F,UK,England,0,4,1,Website,27,0
C1609,1,Justin,Reed,2064-10-02,M,USA,California,1,2,0,Website,-38,3
C1610,1,Kenneth,White,1967-03-23,M,USA,California,1,3,0,Website,59,2
C1611,1,Sarah,Bryant,2075-09-02,F,USA,Nevada,1,4,0,Website,-49,3
C1612,1,Jason,Price,1990-02-25,M,USA,California,0,1,0,Agency,36,0
C1613,1,Ryan,Griffin,1998-01-08,M,Denmark,Southern Denmark,0,2,1,Agency,28,0
C1614,1,Julie,Williams,1968-05-16,F,USA,Utah,1,4,0,Website,58,2
C1615,1,Jason,Mitchell,2063-08-01,M,USA,Utah,0,5,0,Agency,-37,3
C1616,1,Aaron,Nelson,1991-09-01,M,UK,Wales,1,5,1,Website,35,0
C1617,1,Michelle,Baker,2052-10-09,F,USA,California,0,3,0,Website,-26,1
C1618,1,Linda,Price,1962-11-22,F,USA,Washington,0,2,1,Website,64,2
C1619,1,Jason,Baker,1952-10-24,M,Belgium,Wallonia,0,2,0,Website,74,2
C1620,1,Jacob,Morales,2044-05-07,M,USA,California,0,1,1,Website,-18,1
C1621,1,Carl,Wood,1954-06-15,M,USA,Oregon,1,2,0,Agency,72,2
C1622,1,Angela,Taylor,2061-02-01,F,USA,Oregon,0,1,1,Website,-35,3
C1623,1,Julia,Hall,1994-01-12,F,USA,Oregon,0,4,0,Website,32,0
C1624,1,Jennifer,Stewart,2051-01-04,F,USA,California,0,4,1,Website,-25,1
C1625,1,Harold,Wright,2000-02-03,M,Australia,Western Australia,0,4,0,Agency,26,0
C1626,1,Jennifer,Morales,1970-02-24,F,France,Provence,0,2,1,Website,56,2
C1627,1,David,Bryant,1973-08-14,M,USA,California,1,1,0,Website,53,0
C1628,0,Lumina,Co,1993-10-13,F,France,Normandy,0,4,1,Website,33,0
C1629,1,Stephanie,Roberts,1956-08-26,F,USA,Utah,0,5,0,Agency,70,2
C1630,0,Grandis,Co,1994-05-06,F,USA,Virginia,1,1,1,Website,32,0
C1631,1,Joan,Patterson,2066-03-12,F,UK,Northern Ireland,0,5,0,Website,-40,3
C1632,1,Victoria,Wright,2063-07-12,F,USA,California,1,3,1,Agency,-37,3
C1633,1,Sara,Bennett,1977-07-03,F,Canada,Ontario,0,2,0,Website,49,0
C1634,1,Sara,King,2044-01-11,F,USA,Georgia,1,2,0,Website,-18,1
C1635,1,Lawrence,Moore,1948-04-27,M,France,Brittany,0,1,0,Website,78,2
C1636,0,Zynex,Co,1987-01-10,F,USA,Arizona,0,5,1,Website,39,0
C1637,1,Jacob,Cook,2069-02-11,M,Mexico,Nuevo Leon,0,5,0,Agency,-43,3
C1638,1,Cynthia,Peterson,1978-12-14,F,France,Occitanie,1,1,1,Agency,48,0
C1639,1,Ronald,Smith,1943-09-26,M,USA,Colorado,0,1,0,Website,83,2
C1640,1,Helen,Adams,2066-11-04,F,USA,California,0,1,1,Website,-40,3
C1641,1,Charles,Phillips,1972-02-14,M,USA,Utah,0,1,0,Agency,54,0
C1642,1,Maria,Adams,1981-07-20,F,Canada,British Columbia,0,5,0,Website,45,0
C1643,1,Carl,Rogers,1978-01-09,M,France,Ile-de-France,0,4,0,Agency,48,0
C1644,1,Megan,Freeman,1944-06-22,F,USA,California,0,1,0,Client,82,2
C1645,1,Shirley,Chavez,1995-02-08,F,Australia,New South Wales,1,1,0,Website,31,0
C1646,1,Billy,Patterson,1998-06-10,M,USA,Washington,1,4,1,Agency,28,0
C1647,1,Paul,Stone,1945-11-25,M,USA,Ohio,0,4,1,Agency,81,2
C1648,1,Julia,Wood,1949-09-21,F,Australia,New South Wales,0,3,0,Website,77,2
C1649,1,Melissa,Price,1982-03-02,F,USA,Oregon,0,4,1,Agency,44,0
C1650,1,Edward,Griffin,2069-04-01,M,USA,Washington,1,2,0,Website,-43,3
C1651,1,Ryan,Bell,1945-11-19,M,USA,California,1,4,0,Website,81,2
C1652,1,Paul,Weaver,1964-01-15,M,USA,Nevada,1,4,1,Client,62,2
C1653,1,Sara,White,2074-08-02,F,USA,Colorado,1,4,1,Website,-48,3
C1654,1,Judith,Brooks,2068-04-05,F,USA,California,0,1,0,Website,-42,3
C1655,1,Sara,Cox,1965-05-16,F,USA,Texas,1,2,0,Website,61,2
C1656,1,Jacob,Baker,1991-05-05,M,Belgium,Wallonia,1,4,1,Website,35,0
C1657,1,Donald,Kim,1958-05-19,M,USA,California,0,2,0,Website,68,2
C1658,1,Ronald,Patterson,2070-08-07,M,USA,California,0,5,0,Agency,-44,3
C1659,1,Joshua,Thompson,2046-09-05,M,Denmark,Zealand,0,4,0,Website,-20,1
C1660,1,Henry,Richardson,1940-04-27,M,USA,Nevada,0,4,1,Website,86,2
C1661,1,Ronald,Cox,1975-08-20,M,USA,Washington,0,4,0,Agency,51,0
C1662,1,Gary,Montgomery,1967-05-16,M,Russia,Tatarstan,0,4,0,Website,59,2
C1663,1,Joshua,Garcia,1977-05-13,M,USA,Colorado,1,3,0,Agency,49,0
C1664,1,Judith,Hayes,1969-07-25,F,France,Occitanie,1,5,0,Agency,57,2
C1665,1,Harold,Bell,1995-12-16,M,USA,Arizona,0,5,0,Website,31,0
C1666,1,Brenda,Edwards,2062-09-08,F,USA,Ohio,0,2,0,Website,-36,3
C1667,1,Stephanie,Cook,1967-11-14,F,USA,California,1,4,0,Agency,59,2
C1668,1,Scott,Green,2057-11-12,M,Australia,Victoria,0,5,0,Website,-31,1
C1669,1,Steven,Collins,2060-04-07,M,Canada,Alberta,1,3,1,Agency,-34,3
C1670,1,Angela,Watson,2070-12-09,F,USA,Colorado,0,3,1,Website,-44,3
C1671,1,Ashley,Howard,1948-09-13,F,USA,California,0,3,0,Agency,78,2
C1672,1,Jacqueline,Morales,2074-04-09,F,USA,Nevada,1,4,0,Website,-48,3
C1673,1,Katherine,Martin,1992-03-04,F,USA,Washington,0,1,1,Website,34,0
C1674,1,Emily,Jackson,1941-12-22,F,USA,California,0,5,1,Website,85,2
C1675,1,Emma,Reyes,1985-04-08,F,Canada,Alberta,1,5,0,Website,41,0
C1676,1,Amy,Allen,1999-09-19,F,USA,Washington,0,2,0,Website,27,0
C1677,1,Kevin,Thomas,1964-12-20,M,USA,Texas,0,1,1,Website,62,2
C1678,1,Gary,Sanders,2061-03-06,M,USA,California,0,1,1,Agency,-35,3
C1679,1,Christina,Nelson,1986-02-28,F,USA,Nevada,1,4,0,Website,40,0
C1680,1,Danielle,Howard,1999-09-25,F,USA,California,1,4,0,Agency,27,0
C1681,1,Carl,Alexander,1961-07-27,M,USA,Oregon,0,3,1,Client,65,2
C1682,1,Amanda,Brooks,1987-04-11,F,USA,Nevada,0,2,0,Website,39,0
C1683,1,Amber,Patterson,1999-11-19,F,USA,Oregon,1,1,0,Client,27,0
C1684,1,Grace,Cooper,1977-07-01,F,USA,Colorado,1,4,0,Website,49,0
C1685,1,Kathleen,Parker,1977-05-16,F,USA,California,0,5,0,Agency,49,0
C1686,1,David,Howard,1977-01-25,M,USA,California,1,2,1,Agency,49,0
C1687,1,Eric,Anderson,1967-05-15,M,USA,California,0,4,1,Website,59,2
C1688,1,Amanda,Flores,1996-04-28,F,USA,Oregon,0,5,0,Client,30,0
C1689,1,Virginia,King,1985-01-26,F,USA,Oregon,1,1,1,Client,41,0
C1690,1,Terry,Martin,1951-08-18,M,Denmark,North Denmark,0,2,1,Agency,75,2
C1691,1,Robert,Reed,1946-03-25,M,USA,Arizona,0,5,0,Website,80,2
C1692,1,Joseph,Patterson,1991-03-08,M,Canada,Ontario,0,5,1,Agency,35,0
C1693,1,Donald,Turner,1990-11-20,M,Belgium,Flanders,0,1,0,Website,36,0
C1694,1,Gloria,Foster,1957-07-18,F,USA,Virginia,0,5,0,Agency,69,2
C1695,1,Tiffany,Peterson,1955-12-13,F,Belgium,Flanders,0,5,0,Website,71,2
C1696,1,Emily,Jones,1987-02-20,F,USA,Florida,0,1,0,Website,39,0
C1697,1,Maria,Brown,1980-08-07,F,Belgium,Brussels,0,2,0,Client,46,0
C1698,1,Zachary,Stone,2050-12-05,M,UK,Northern Ireland,0,4,1,Website,-24,1
C1699,1,Peter,Phillips,1969-07-15,M,Australia,Western Australia,0,3,1,Agency,57,2
C1700,1,Nicholas,Young,2043-11-04,M,USA,Nevada,0,3,0,Website,-17,1
C1701,1,Karen,Montgomery,1982-06-27,F,USA,Arizona,0,1,0,Website,44,0
C1702,1,Frank,Alexander,1990-01-04,M,USA,Washington,1,5,1,Website,36,0
C1703,1,Gerald,Cox,1999-08-13,M,USA,Texas,1,4,0,Agency,27,0
C1704,1,Susan,Flores,1963-02-15,F,Denmark,Capital Region,0,4,0,Agency,63,2
C1705,1,Kenneth,Howard,1979-11-23,M,USA,Virginia,1,3,1,Website,47,0
C1706,1,Matthew,Jordan,1976-05-13,M,USA,California,0,3,1,Website,50,0
C1707,1,Adam,Allen,1973-09-19,M,USA,Georgia,0,1,1,Website,53,0
C1708,1,Andrea,Wilson,1986-08-06,F,Germany,Hesse,0,1,1,Agency,40,0
C1709,1,Danielle,Cox,2046-08-09,F,USA,Arizona,1,3,0,Agency,-20,1
C1710,1,Joe,Flores,1957-05-26,M,Canada,Alberta,1,2,1,Website,69,2
C1711,1,Debra,Hayes,1981-08-24,F,USA,California,1,3,1,Website,45,0
C1712,1,Ryan,Turner,2071-03-04,M,France,Occitanie,0,5,0,Website,-45,3
C1713,1,Julia,Cook,1981-02-08,F,USA,Oregon,0,1,0,Website,45,0
C1714,1,Nathan,Brooks,2048-07-05,M,USA,Colorado,0,3,0,Website,-22,1
C1715,1,Hannah,Watson,1963-04-13,F,USA,Florida,0,3,1,Agency,63,2
C1716,1,Michelle,Montgomery,1980-10-13,F,USA,California,0,1,0,Website,46,0
C1717,1,Martha,Thomas,1941-12-21,F,USA,California,0,4,1,Website,85,2
C1718,1,Janet,Peterson,1995-01-06,F,USA,California,0,1,0,Website,31,0
C1719,0,Halcyon,Co,2060-05-10,M,USA,Florida,0,2,0,Agency,-34,3
C1720,1,Danielle,Kim,1996-10-10,F,USA,California,0,5,1,Website,30,0
C1721,1,Carl,Weaver,1986-12-10,M,USA,Nevada,0,2,0,Agency,40,0
C1722,1,Jacqueline,Morris,1982-11-23,F,USA,Nevada,0,3,0,Website,44,0
C1723,1,Carol,Allen,1998-02-02,F,Canada,Quebec,0,2,1,Agency,28,0
C1724,1,Justin,Cook,1956-06-19,M,USA,Virginia,0,4,0,Website,70,2
C1725,1,Sharon,Patterson,2059-01-12,F,USA,Nevada,0,3,1,Website,-33,3
C1726,1,Diane,Scott,1948-08-15,F,UK,Northern Ireland,0,3,0,Website,78,2
C1727,1,Katherine,Morales,2045-12-06,F,USA,New York,0,3,0,Website,-19,1
C1728,1,Kimberly,Garcia,2044-03-08,F,USA,Oregon,0,3,1,Client,-18,1
C1729,1,Robert,Richardson,1955-06-26,M,Canada,British Columbia,0,3,1,Website,71,2
C1730,1,Jeffrey,Young,1979-11-22,M,Mexico,Puebla,1,5,1,Agency,47,0
C1731,1,Nathan,Garcia,1971-12-19,M,USA,California,0,4,1,Website,55,0
C1732,1,Megan,Wilson,1970-07-15,F,Canada,Alberta,1,2,0,Agency,56,2
C1733,1,Helen,Jones,1948-04-22,F,USA,California,0,3,1,Agency,78,2
C1734,1,Zachary,Roberts,1975-01-14,M,USA,California,0,5,0,Website,51,0
C1735,1,Amber,Miller,2069-10-07,F,USA,Utah,1,3,0,Website,-43,3
C1736,1,Ann,Cook,1989-09-21,F,USA,California,1,4,1,Website,37,0
C1737,1,Jennifer,Jackson,1992-12-24,F,USA,California,1,3,0,Website,34,0
C1738,1,Sharon,Hall,1977-02-25,F,USA,California,0,5,0,Website,49,0
C1739,1,Steven,Smith,1985-02-25,M,Russia,Novosibirsk,1,3,1,Website,41,0
C1740,1,Ashley,Alexander,1951-09-15,F,USA,California,0,5,1,Website,75,2
C1741,1,Alexander,Wright,1976-04-18,M,USA,Virginia,0,5,0,Website,50,0
C1742,0,Crestwood,Co,1988-08-14,F,USA,California,0,5,0,Agency,38,0
C1743,1,Linda,Bell,1946-07-26,F,Belgium,Flanders,0,1,0,Client,80,2
C1744,1,Brian,Green,1961-11-16,M,Russia,Krasnodar Krai,1,1,0,Website,65,2
C1745,1,Ann,Sanders,1976-06-21,F,USA,California,0,1,0,Website,50,0
C1746,1,Jennifer,Cox,1959-06-14,F,Belgium,Flanders,0,3,0,Website,67,2
C1747,1,Bryan,Flores,1965-02-19,M,USA,Colorado,0,5,0,Client,61,2
C1748,1,Albert,Jones,2050-11-11,M,USA,California,0,4,1,Website,-24,1
C1749,1,Brandon,Moore,1956-05-27,M,USA,California,0,3,0,Website,70,2
C1750,0,Stratos,Co,1991-01-12,M,USA,Colorado,0,3,0,Website,35,0
C1751,1,Christine,Scott,1955-02-28,F,USA,Ohio,0,5,0,Website,71,2
C1752,1,Jonathan,Cook,1980-02-06,M,USA,California,1,1,1,Website,46,0
C1753,1,Arthur,Peterson,1945-12-18,M,USA,Georgia,1,3,1,Website,81,2
C1754,1,Frank,Gray,1995-11-11,M,USA,Virginia,0,2,1,Website,31,0
C1755,1,Mark,Griffin,1998-08-26,M,USA,Nevada,0,1,1,Website,28,0
C1756,1,Daniel,Cook,1990-03-21,M,USA,Utah,0,1,0,Website,36,0
C1757,1,Brian,Hayes,1985-07-01,M,Germany,Bavaria,0,3,0,Client,41,0
C1758,1,Carl,Pierce,1985-01-14,M,USA,Oregon,1,4,1,Agency,41,0
C1759,1,Jose,Stone,2074-10-10,M,USA,California,1,1,0,Website,-48,3
C1760,1,Mary,Harris,2075-10-07,F,Belgium,Brussels,0,2,0,Website,-49,3
C1761,1,Nicholas,Thompson,2055-01-08,M,USA,Washington,0,1,0,Website,-29,1
C1762,1,Larry,Harris,1964-01-21,M,USA,Virginia,0,1,0,Website,62,2
C1763,1,Kimberly,Young,1954-11-26,F,USA,New York,0,3,0,Website,72,2
C1764,1,Kelly,Baker,2046-11-05,F,USA,Nevada,0,2,0,Agency,-20,1
C1765,1,Pamela,Reyes,1997-05-01,F,USA,Colorado,0,1,1,Client,29,0
C1766,1,Sharon,Bennett,1993-05-05,F,USA,California,0,4,0,Website,33,0
C1767,1,Joe,Sanders,1978-05-21,M,USA,Colorado,0,3,0,Website,48,0
C1768,1,Cynthia,Hughes,2043-03-01,F,Russia,Saint Petersburg,0,4,0,Website,-17,1
C1769,0,Forsyte,Co,1985-10-22,M,USA,Oregon,0,1,1,Client,41,0
C1770,1,Betty,Parker,1945-11-17,F,USA,Washington,0,1,1,Agency,81,2
C1771,0,Atlas,Co,1975-06-22,M,USA,Georgia,0,3,1,Client,51,0
C1772,0,Forsyte,Co,1975-01-13,F,Canada,Alberta,1,5,1,Agency,51,0
C1773,1,Kenneth,Williams,1980-12-25,M,USA,Nevada,1,3,1,Agency,46,0
C1774,1,Frank,James,1984-12-26,M,USA,Oregon,0,4,0,Agency,42,0
C1775,1,Betty,Howard,2070-10-07,F,USA,California,0,3,0,Agency,-44,3
C1776,1,Martha,Mitchell,2073-09-01,F,France,Occitanie,0,1,0,Website,-47,3
C1777,1,Jason,Long,1974-09-24,M,USA,California,1,5,0,Client,52,0
C1778,1,Jeffrey,Cox,1994-01-09,M,USA,Georgia,1,4,1,Website,32,0
C1779,1,Sharon,Thomas,1979-04-20,F,USA,California,0,5,0,Client,47,0
C1780,1,Richard,Patterson,1956-05-18,M,USA,Utah,1,1,0,Website,70,2
C1781,1,Betty,Thomas,2068-10-08,F,USA,California,0,4,0,Website,-42,3
C1782,1,Ann,King,1999-12-04,F,UK,England,1,1,0,Website,27,0
C1783,1,Jacob,Garcia,2054-03-07,M,USA,California,0,3,0,Website,-28,1
C1784,1,Albert,Moore,1998-02-24,M,Australia,Western Australia,0,3,0,Client,28,0
C1785,1,Lauren,Allen,1956-02-27,F,USA,Colorado,0,1,1,Website,70,2
C1786,1,Adam,White,1995-03-07,M,USA,California,0,1,0,Website,31,0
C1787,1,Stephen,Flores,1955-09-22,M,USA,Georgia,1,5,0,Agency,71,2
C1788,1,Zachary,James,1989-10-27,M,USA,California,0,3,0,Website,37,0
C1789,1,Edward,Brooks,1982-07-25,M,USA,Colorado,0,5,1,Agency,44,0
C1790,1,Jacob,Hansen,1940-02-18,M,USA,Nevada,1,5,0,Client,86,2
C1791,1,Gerald,Scott,1966-04-26,M,USA,California,0,5,0,Agency,60,2
C1792,1,Terry,Pierce,1995-06-17,M,USA,California,0,3,0,Agency,31,0
C1793,1,Richard,James,2069-04-05,M,USA,Utah,1,1,0,Website,-43,3
C1794,1,Douglas,Chavez,1995-12-25,M,USA,Colorado,0,3,0,Website,31,0
C1795,1,William,Brown,2045-12-01,M,USA,California,0,5,1,Website,-19,1
C1796,1,Betty,Hughes,1950-09-21,F,USA,California,1,5,1,Client,76,2
C1797,1,Katherine,Howard,1957-02-26,F,USA,Oregon,0,3,1,Website,69,2
C1798,1,Bryan,Peterson,2066-08-10,M,USA,Arizona,1,1,1,Website,-40,3
C1799,1,Cheryl,Freeman,2050-01-11,F,USA,Colorado,0,5,0,Agency,-24,1
C1800,1,James,Campbell,1944-04-13,M,USA,Oregon,0,1,0,Client,82,2
C1801,1,Jose,Howard,2064-02-08,M,USA,California,0,5,1,Website,-38,3
C1802,1,Jack,Morris,1948-03-26,M,USA,Nevada,1,1,0,Client,78,2
C1803,1,Susan,Bennett,1987-04-14,F,Canada,Quebec,1,5,0,Agency,39,0
C1804,1,Albert,Kim,1989-03-03,M,USA,California,0,1,0,Website,37,0
C1805,1,Austin,Kim,2053-01-09,M,UK,Northern Ireland,1,3,0,Website,-27,1
C1806,1,Martha,Turner,1967-04-13,F,Australia,New South Wales,1,2,0,Agency,59,2
C1807,1,Angela,Allen,2057-02-05,F,France,Brittany,0,5,0,Website,-31,1
C1808,1,Victoria,Stewart,1990-01-08,F,USA,Washington,1,2,0,Client,36,0
C1809,1,Laura,White,1981-05-03,F,USA,New York,0,4,1,Agency,45,0
C1810,1,Maria,Collins,2045-01-06,F,USA,Texas,0,3,0,Agency,-19,1
C1811,1,Stephanie,Williams,1958-02-16,F,USA,California,0,3,1,Agency,68,2
C1812,1,Ryan,White,1977-04-18,M,France,Provence,0,5,1,Website,49,0
C1813,1,Walter,Jordan,2047-12-02,M,Germany,Hamburg,1,3,1,Website,-21,1
C1814,1,Scott,Roberts,1987-04-07,M,Denmark,North Denmark,0,2,0,Website,39,0
C1815,1,Aaron,Carter,1949-03-26,M,USA,California,0,5,0,Agency,77,2
C1816,1,Sean,Miller,2062-04-08,M,Canada,Quebec,0,2,0,Website,-36,3
C1817,1,Cynthia,Garcia,1944-07-28,F,USA,Virginia,0,1,0,Agency,82,2
C1818,1,Christine,Wood,1994-08-17,F,USA,Washington,1,5,1,Website,32,0
C1819,1,William,Brown,2063-02-11,M,Russia,Krasnodar Krai,0,1,0,Website,-37,3
C1820,1,Nicholas,Howard,1979-08-21,M,France,Provence,0,3,0,Website,47,0
C1821,1,Adam,Smith,1944-10-22,M,USA,Nevada,0,5,0,Website,82,2
C1822,1,Frank,Weaver,1996-02-28,M,USA,Oregon,1,5,1,Website,30,0
C1823,1,Jacob,Watson,2067-08-11,M,USA,Oregon,0,4,1,Website,-41,3
C1824,1,Jeffrey,Weaver,2062-09-05,M,USA,California,0,3,0,Website,-36,3
C1825,1,Eric,Jones,1956-12-28,M,Mexico,Nuevo Leon,0,2,0,Agency,70,2
C1826,1,Jack,Williams,2051-06-08,M,USA,Ohio,0,4,0,Client,-25,1
C1827,1,Donald,Thompson,2073-01-02,M,USA,New York,0,5,1,Website,-47,3
C1828,1,William,Wood,1991-11-15,M,USA,California,1,2,1,Website,35,0
C1829,1,Rachel,Ward,1997-07-17,F,USA,California,0,5,1,Agency,29,0
C1830,1,Virginia,Owens,1959-03-20,F,USA,Arizona,0,3,0,Website,67,2
C1831,1,Janice,Smith,1950-09-15,F,Russia,Tatarstan,0,3,0,Website,76,2
C1832,1,Henry,Garcia,1987-04-21,M,USA,Oregon,1,1,1,Website,39,0
C1833,1,Jennifer,Weaver,1948-01-17,F,USA,Arizona,1,1,1,Website,78,2
C1834,1,Zachary,Phillips,1963-03-13,M,Belgium,Flanders,1,5,0,Agency,63,2
C1835,1,Nicole,Pierce,1959-10-25,F,Canada,Alberta,1,4,1,Agency,67,2
C1836,1,Judy,Wood,2060-10-08,F,USA,California,1,1,1,Website,-34,3
C1837,1,Julia,Freeman,2050-04-06,F,USA,California,0,2,1,Client,-24,1
C1838,1,Joyce,Morales,1965-01-14,F,Canada,Alberta,1,1,0,Agency,61,2
C1839,1,Kyle,Gray,1943-01-21,M,USA,California,1,2,0,Agency,83,2
C1840,1,Gerald,Weaver,1986-06-22,M,UK,England,1,3,0,Website,40,0
C1841,1,Austin,Williams,1947-05-27,M,USA,New York,0,4,0,Website,79,2
C1842,0,Rexon,Co,1978-10-08,M,Canada,Alberta,0,3,1,Agency,48,0
C1843,1,Jose,Stone,1952-06-18,M,Germany,Hesse,0,4,0,Website,74,2
C1844,1,Grace,Howard,1978-07-21,F,USA,Ohio,0,1,0,Agency,48,0
C1845,1,Joshua,Green,2049-09-11,M,USA,California,1,1,1,Website,-23,1
C1846,1,Sara,Allen,1985-10-26,F,Russia,Novosibirsk,0,5,1,Agency,41,0
C1847,1,Brian,Griffin,2052-04-01,M,USA,Utah,0,4,0,Website,-26,1
C1848,1,Sarah,Davis,1993-07-17,F,USA,California,0,2,0,Website,33,0
C1849,1,Joseph,Wilson,1976-09-02,M,Canada,Alberta,1,3,1,Website,50,0
C1850,1,Gregory,Miller,1971-07-25,M,USA,New York,1,5,1,Agency,55,0
C1851,1,Kimberly,Miller,2054-06-08,F,UK,England,0,3,1,Agency,-28,1
C1852,1,Julie,Hall,1997-12-15,F,USA,Virginia,0,4,0,Website,29,0
C1853,1,Jennifer,Owens,1949-02-24,F,USA,Virginia,1,4,0,Website,77,2
C1854,0,Rexon,Co,1960-03-23,M,France,Ile-de-France,1,1,0,Client,66,2
C1855,1,Gloria,Hansen,1984-02-07,F,USA,California,0,2,1,Website,42,0
C1856,0,Altira,Co,1994-05-24,M,USA,Virginia,0,2,0,Website,32,0
C1857,1,Walter,Johnson,1987-03-22,M,USA,California,1,2,1,Website,39,0
C1858,1,Amy,Hayes,2058-06-05,F,USA,Colorado,0,5,0,Website,-32,3
C1859,1,Zachary,Taylor,1943-11-18,M,USA,California,0,5,1,Client,83,2
C1860,0,Caldera,Co,1970-07-17,F,USA,California,0,4,1,Agency,56,2
C1861,1,Nathan,Evans,1982-01-08,M,USA,California,1,3,1,Website,44,0
C1862,1,Joshua,Long,1953-08-22,M,USA,California,0,1,1,Website,73,2
C1863,1,Megan,Hansen,2048-03-04,F,UK,Scotland,0,3,0,Website,-22,1
C1864,1,Hannah,Weaver,1972-04-25,F,USA,New York,0,5,1,Website,54,0
C1865,1,Sean,Rogers,2074-01-11,M,USA,Arizona,1,4,0,Website,-48,3
C1866,1,Joyce,Martin,1971-08-23,F,USA,Nevada,0,2,0,Agency,55,0
C1867,1,Robert,Richardson,1952-01-13,M,USA,California,0,2,1,Website,74,2
C1868,1,Michelle,Thomas,1975-11-28,F,UK,Wales,0,1,0,Website,51,0
C1869,1,Margaret,Campbell,2075-10-05,F,Mexico,Nuevo Leon,0,5,0,Client,-49,3
C1870,1,Lawrence,Moore,1980-10-13,M,USA,Washington,1,1,0,Agency,46,0
C1871,1,Amy,Reyes,1961-10-18,F,USA,Texas,0,1,1,Website,65,2
C1872,1,Raymond,Jones,1940-10-23,M,Mexico,Mexico City,0,5,0,Client,86,2
C1873,1,Cheryl,Collins,2059-03-10,F,Canada,British Columbia,0,5,0,Agency,-33,3
C1874,1,Justin,Cooper,1972-11-18,M,USA,Colorado,1,1,0,Agency,54,0
C1875,1,Melissa,Roberts,1943-09-13,F,USA,Nevada,0,2,0,Client,83,2
C1876,0,Bravada,Co,1981-03-17,M,USA,Ohio,1,4,1,Website,45,0
C1877,1,Walter,Bryant,1961-09-16,M,USA,Arizona,0,5,0,Agency,65,2
C1878,1,Paul,Rogers,2067-10-07,M,USA,Washington,0,5,0,Agency,-41,3
C1879,1,Deborah,Roberts,1977-01-23,F,USA,New York,0,3,0,Website,49,0
C1880,1,Joan,Morales,1998-01-22,F,USA,California,0,5,1,Client,28,0
C1881,1,Brenda,Phillips,1989-09-13,F,USA,Oregon,0,2,1,Website,37,0
C1882,1,Deborah,Turner,1960-03-22,F,USA,Virginia,1,3,0,Website,66,2
C1883,1,Sean,Peterson,2041-02-11,M,USA,California,0,1,0,Agency,-15,1
C1884,1,Terry,Bell,2054-08-06,M,USA,Nevada,0,5,1,Website,-28,1
C1885,1,Ryan,Bell,1967-10-26,M,Germany,Hamburg,0,1,1,Agency,59,2
C1886,1,Maria,Richardson,1999-11-16,F,USA,California,0,5,0,Website,27,0
C1887,1,Emma,Campbell,1986-01-07,F,USA,Oregon,1,1,0,Agency,40,0
C1888,1,Donald,Griffin,2062-08-06,M,USA,California,0,3,0,Website,-36,3
C1889,1,Matthew,Richardson,1987-07-10,M,USA,California,0,4,1,Website,39,0
C1890,1,Mark,Nelson,2054-03-12,M,Canada,Ontario,0,4,0,Client,-28,1
C1891,1,Gary,James,2072-06-02,M,USA,Oregon,0,2,0,Agency,-46,3
C1892,1,Nancy,Jones,2051-06-06,F,USA,Nevada,1,5,1,Agency,-25,1
C1893,1,Ann,Davis,1962-12-27,F,USA,Washington,0,1,1,Website,64,2
C1894,1,Joyce,Hall,2044-03-11,F,USA,Texas,1,4,0,Website,-18,1
C1895,0,Caldera,Co,2069-01-07,M,USA,Nevada,1,4,0,Agency,-43,3
C1896,1,Andrew,Bryant,1955-06-17,M,USA,Virginia,1,3,0,Agency,71,2
C1897,1,Catherine,Rogers,1950-12-27,F,Canada,Ontario,0,2,0,Website,76,2
C1898,1,Daniel,James,1979-01-05,M,USA,New York,0,1,1,Website,47,0
C1899,1,Joe,Mitchell,1996-04-05,M,UK,England,0,3,0,Website,30,0
C1900,1,Rachel,Griffin,1998-09-07,F,UK,England,1,4,0,Client,28,0
C1901,1,Justin,Stewart,1982-09-17,M,Canada,British Columbia,0,4,0,Agency,44,0
C1902,0,Grandis,Co,1980-11-09,M,USA,Colorado,1,2,0,Agency,46,0
C1903,1,Nicole,Bennett,1991-12-01,F,USA,Nevada,0,2,0,Website,35,0
C1904,1,Christian,Nelson,1949-03-23,M,USA,Texas,0,2,1,Website,77,2
C1905,1,James,Morris,2061-02-02,M,USA,Virginia,0,1,0,Website,-35,3
C1906,1,Michelle,Adams,1955-09-15,F,USA,California,0,2,0,Agency,71,2
C1907,1,Kyle,Wright,2050-03-12,M,USA,Colorado,0,3,0,Website,-24,1
C1908,1,Andrea,Moore,1976-03-28,F,USA,California,0,2,0,Website,50,0
C1909,1,Heather,Pierce,1985-12-04,F,USA,California,1,2,0,Agency,41,0
C1910,0,Telnox,Co,1985-10-04,M,USA,California,0,2,1,Agency,41,0
C1911,1,Noah,Murray,1989-01-11,M,USA,California,0,5,0,Agency,37,0
C1912,1,Amanda,Jackson,1954-07-26,F,USA,Utah,1,1,0,Website,72,2
C1913,1,Gary,King,1980-11-12,M,France,Provence,0,5,0,Website,46,0
C1914,1,Brenda,Gray,1993-08-24,F,UK,Scotland,0,4,1,Website,33,0
C1915,1,Angela,Williams,2064-06-09,F,USA,Arizona,1,4,0,Client,-38,3
C1916,1,Zachary,Weaver,1948-10-15,M,USA,California,1,2,0,Website,78,2
C1917,1,Angela,Montgomery,1971-09-16,F,Australia,New South Wales,0,2,0,Client,55,0
C1918,1,Dorothy,Murray,1940-09-17,F,USA,California,0,1,0,Client,86,2
C1919,0,Vantage,Co,1968-01-19,F,USA,Nevada,1,1,0,Website,58,2
C1920,1,Jonathan,Pierce,1969-10-26,M,Germany,North Rhine-Westphalia,0,5,0,Agency,57,2
C1921,1,Carolyn,Adams,1956-12-24,F,France,Provence,0,5,0,Website,70,2
C1922,1,Jessica,Garcia,1988-01-09,F,USA,California,0,1,0,Agency,38,0
C1923,1,Sarah,Cooper,2047-03-07,F,Mexico,Jalisco,1,1,1,Client,-21,1
C1924,1,Joe,Cooper,2058-01-03,M,USA,California,0,3,0,Client,-32,3
C1925,1,Jordan,Baker,1942-01-19,M,USA,Colorado,0,2,0,Agency,84,2
C1926,1,Joshua,Watson,1997-11-05,M,Mexico,Puebla,0,1,1,Website,29,0
C1927,1,Victoria,Long,2052-11-05,F,USA,California,1,1,1,Website,-26,1
C1928,1,Paul,Scott,1998-02-20,M,Australia,New South Wales,0,4,1,Client,28,0
C1929,1,Angela,Baker,1941-10-24,F,Mexico,Jalisco,0,1,1,Agency,85,2
C1930,1,Rachel,Adams,1966-01-22,F,USA,Colorado,1,3,0,Agency,60,2
C1931,1,Melissa,Jackson,1995-05-01,F,USA,Utah,0,5,1,Website,31,0
C1932,1,Dorothy,Allen,1962-05-13,F,USA,California,1,2,0,Website,64,2
C1933,0,Oasis,Co,1994-04-05,F,Australia,Queensland,0,1,0,Client,32,0
C1934,1,Noah,Montgomery,1978-03-25,M,France,Ile-de-France,1,4,1,Client,48,0
C1935,1,Ashley,Young,1983-04-14,F,USA,Arizona,0,5,0,Website,43,0
C1936,1,Jeffrey,Brown,1984-02-24,M,Russia,Krasnodar Krai,0,1,1,Agency,42,0
C1937,1,Ashley,Richardson,1961-03-16,F,USA,Arizona,0,3,1,Website,65,2
C1938,1,Peter,Anderson,1973-07-28,M,Canada,Quebec,0,4,1,Website,53,0
C1939,1,Gloria,White,1979-06-09,F,USA,Florida,1,1,1,Agency,47,0
C1940,1,Barbara,Turner,1997-02-01,F,Canada,Manitoba,0,4,0,Agency,29,0
C1941,1,Maria,James,1943-05-20,F,USA,Nevada,0,5,0,Client,83,2
C1942,0,Stratos,Co,1984-11-10,F,USA,Nevada,0,2,1,Agency,42,0
C1943,1,Eric,Long,2073-01-04,M,USA,Arizona,0,1,0,Website,-47,3
C1944,1,Henry,Pierce,1986-02-15,M,USA,California,1,1,0,Website,40,0
C1945,1,Sean,Johnson,1967-02-26,M,Mexico,Mexico City,1,3,0,Website,59,2
C1946,1,Mark,Bell,1955-01-15,M,USA,California,0,1,0,Agency,71,2
C1947,1,Walter,Mitchell,1979-02-02,M,USA,Nevada,0,3,0,Website,47,0
C1948,1,Melissa,Harris,2055-04-01,F,USA,Arizona,0,2,0,Agency,-29,1
C1949,1,Christina,James,1955-07-20,F,USA,Colorado,0,2,1,Agency,71,2
C1950,1,Edward,Weaver,1975-03-27,M,USA,Ohio,0,4,0,Agency,51,0
C1951,1,Alexander,Murray,1996-09-08,M,USA,Utah,0,1,1,Website,30,0
C1952,0,Optima,Co,1992-05-06,M,USA,Nevada,0,3,0,Agency,34,0
C1953,1,Donald,Miller,1972-10-16,M,Germany,Bavaria,0,1,1,Website,54,0
C1954,1,Judy,Roberts,2066-09-03,F,Australia,Western Australia,1,3,0,Website,-40,3
C1955,1,Benjamin,Wright,1998-05-20,M,Canada,Quebec,0,1,0,Website,28,0
C1956,1,Julie,Weaver,1967-08-21,F,USA,Oregon,0,2,0,Agency,59,2
C1957,1,Adam,Howard,1962-09-24,M,USA,California,0,4,1,Website,64,2
C1958,1,Susan,Foster,2070-10-09,F,USA,California,0,3,0,Website,-44,3
C1959,1,Judy,Morales,1942-02-20,F,USA,Texas,0,1,0,Website,84,2
C1960,1,Dorothy,Brown,1987-08-02,F,USA,Colorado,0,2,1,Website,39,0
C1961,1,William,Campbell,1994-09-26,M,USA,California,0,5,0,Agency,32,0
C1962,1,Kimberly,Harris,1995-08-01,F,Mexico,Puebla,0,5,0,Agency,31,0
C1963,0,Terova,Co,2068-03-01,M,USA,Texas,0,5,0,Website,-42,3
C1964,1,Kevin,Martin,1972-06-17,M,USA,Virginia,0,5,0,Agency,54,0
C1965,1,Sean,Wright,1997-01-09,M,USA,California,0,4,0,Agency,29,0
C1966,1,Ronald,Howard,2064-02-10,M,Canada,British Columbia,0,1,0,Agency,-38,3
C1967,1,Roger,Bryant,2057-10-09,M,USA,Oregon,1,4,0,Agency,-31,1
C1968,1,Judy,Griffin,2058-11-02,F,USA,California,1,3,1,Client,-32,3
C1969,1,Jesse,James,1993-06-14,M,USA,Colorado,1,2,1,Agency,33,0
C1970,1,Raymond,Howard,1978-02-25,M,USA,Arizona,1,4,1,Website,48,0
C1971,1,Emma,Jordan,1976-07-18,F,USA,Virginia,0,5,0,Website,50,0
C1972,1,Carol,Wilson,2072-01-05,F,USA,California,0,4,1,Website,-46,3
C1973,0,Oasis,Co,1993-09-13,M,USA,Washington,0,4,1,Agency,33,0
C1974,1,Keith,Peterson,2050-04-09,M,USA,Nevada,0,5,1,Agency,-24,1
C1975,1,Dorothy,Campbell,2075-08-05,F,Belgium,Wallonia,0,4,0,Agency,-49,3
C1976,1,Albert,Wilson,1995-05-03,M,USA,Florida,0,5,0,Client,31,0
C1977,1,Jason,Bennett,1994-04-07,M,USA,Virginia,0,1,0,Website,32,0
C1978,0,Summit,Co,2067-02-06,F,USA,California,1,5,1,Website,-41,3
C1979,1,Brian,Richardson,1942-05-25,M,USA,Colorado,0,3,1,Agency,84,2
C1980,1,Barbara,Green,2056-05-09,F,USA,Texas,1,4,0,Website,-30,1
C1981,1,Sarah,Flores,1992-12-09,F,Canada,Quebec,0,5,0,Agency,34,0
C1982,1,Jose,Long,2047-09-05,M,USA,California,0,4,1,Website,-21,1
C1983,1,Ryan,Reed,1961-03-13,M,UK,Northern Ireland,0,3,0,Website,65,2
C1984,1,Jesse,Watson,1956-10-18,M,USA,California,0,4,0,Website,70,2
C1985,1,Gregory,Bell,2063-05-11,M,UK,Scotland,0,1,1,Agency,-37,3
C1986,1,Thomas,Griffin,1977-04-23,M,USA,New York,1,1,0,Website,49,0
C1987,1,Douglas,Davis,1986-10-18,M,Belgium,Wallonia,1,5,0,Website,40,0
C1988,1,Henry,Thompson,1994-09-19,M,USA,California,0,5,1,Website,32,0
C1989,1,William,Montgomery,1959-11-19,M,USA,Texas,0,3,0,Agency,67,2
C1990,1,Scott,Howard,1976-11-28,M,USA,Texas,1,5,0,Agency,50,0
C1991,1,Susan,Reed,2050-07-09,F,USA,California,0,3,0,Website,-24,1
C1992,1,Rachel,Hansen,1943-01-19,F,USA,Texas,0,3,1,Website,83,2
C1993,1,Douglas,Thompson,1985-06-09,M,USA,New York,0,2,0,Website,41,0
C1994,1,Nicole,Miller,1994-07-21,F,USA,Oregon,1,3,1,Website,32,0
C1995,1,Michelle,Scott,1993-03-05,F,USA,California,1,4,0,Agency,33,0
C1996,1,Samantha,Brooks,1992-06-20,F,USA,Nevada,0,1,1,Website,34,0
C1997,1,Matthew,Cox,1942-09-27,M,USA,Arizona,0,4,1,Website,84,2
C1998,1,Mark,Patterson,1963-09-13,M,USA,Virginia,0,5,1,Website,63,2
C1999,1,Lawrence,Montgomery,1944-06-15,M,USA,Ohio,0,4,1,Client,82,2
C2000,1,Amanda,James,1996-03-24,F,USA,Georgia,0,1,1,Agency,30,0
